-- phpMyAdmin SQL Dump
-- version 5.1.1
-- https://www.phpmyadmin.net/
--
-- Host: localhost
-- Generation Time: Jun 01, 2023 at 12:28 PM
-- Server version: 10.5.20-MariaDB
-- PHP Version: 7.2.34

SET SQL_MODE = "NO_AUTO_VALUE_ON_ZERO";
START TRANSACTION;
SET time_zone = "+00:00";


/*!40101 SET @OLD_CHARACTER_SET_CLIENT=@@CHARACTER_SET_CLIENT */;
/*!40101 SET @OLD_CHARACTER_SET_RESULTS=@@CHARACTER_SET_RESULTS */;
/*!40101 SET @OLD_COLLATION_CONNECTION=@@COLLATION_CONNECTION */;
/*!40101 SET NAMES utf8mb4 */;

--
-- Database: `vitasoft_urban`
--

-- --------------------------------------------------------

--
-- Table structure for table `admin`
--

CREATE TABLE `admin` (
  `sno` int(11) NOT NULL,
  `fullname` varchar(255) NOT NULL,
  `email` varchar(100) NOT NULL,
  `pass` varchar(255) NOT NULL,
  `phone` varchar(50) NOT NULL,
  `gender` varchar(20) NOT NULL,
  `img` varchar(255) NOT NULL DEFAULT '300x300.png',
  `forgot_key` varchar(255) NOT NULL,
  `role` varchar(50) NOT NULL,
  `permissions` longtext NOT NULL,
  `login_status` varchar(20) NOT NULL,
  `created_date` datetime NOT NULL,
  `modified_date` datetime NOT NULL,
  `web_token` varchar(255) NOT NULL,
  `app_token` varchar(255) NOT NULL,
  `status` enum('active','inactive') NOT NULL
) ENGINE=InnoDB DEFAULT CHARSET=latin1 COLLATE=latin1_swedish_ci;

--
-- Dumping data for table `admin`
--

INSERT INTO `admin` (`sno`, `fullname`, `email`, `pass`, `phone`, `gender`, `img`, `forgot_key`, `role`, `permissions`, `login_status`, `created_date`, `modified_date`, `web_token`, `app_token`, `status`) VALUES
(1, 'Admin', 'rudra.pranay@gmail.com', '81dc9bdb52d04dc20036dbd8313ed055', '9030894779', '', 'user-icon.png', '', 'superadmin', '[]', '', '0000-00-00 00:00:00', '0000-00-00 00:00:00', '', '', 'active'),
(2, 'Urban tasting food company ', 'admin@urban.com', '81dc9bdb52d04dc20036dbd8313ed055', '9030894779', 'male', 'Urban-favicon1.png', '', 'admin', '[{\"branches\":\"add\"},{\"slots\":\"add\"},{\"app_users\":\"edit\"},{\"branches\":\"edit\"},{\"bookings\":\"edit\"},{\"slots\":\"edit\"},{\"branches\":\"delete\"},{\"bookings\":\"delete\"},{\"slots\":\"delete\"},{\"app_users\":\"view\"},{\"branches\":\"view\"},{\"bookings\":\"view\"},{\"slots\":\"view\"},{\"confirmed\":\"view\"},{\"bookings\":\"add\"}]', '', '0000-00-00 00:00:00', '0000-00-00 00:00:00', '', '', 'active'),
(3, 'Innova Solutions', 'admin@innovasolutions.com', '81dc9bdb52d04dc20036dbd8313ed055', '9908693991', 'male', '300x300.png', '', 'manager', '[{\"bookings\":\"view\"},{\"confirmed\":\"view\"},{\"bookings\":\"add\"}]', '', '0000-00-00 00:00:00', '0000-00-00 00:00:00', '', '', 'active');

-- --------------------------------------------------------

--
-- Table structure for table `admin_sessions`
--

CREATE TABLE `admin_sessions` (
  `id` int(11) NOT NULL,
  `session_id` varchar(255) NOT NULL,
  `ip_address` varchar(255) NOT NULL,
  `user_agent` varchar(255) NOT NULL,
  `last_activity` int(11) NOT NULL,
  `user_data` longtext CHARACTER SET utf8 COLLATE utf8_general_ci NOT NULL
) ENGINE=InnoDB DEFAULT CHARSET=latin1 COLLATE=latin1_swedish_ci;

--
-- Dumping data for table `admin_sessions`
--

INSERT INTO `admin_sessions` (`id`, `session_id`, `ip_address`, `user_agent`, `last_activity`, `user_data`) VALUES
(8342, 'c60351ccb33a78fe4433c5748dd46a82', '106.216.193.18', 'Mozilla/5.0 (iPhone; CPU iPhone OS 16_4_1 like Mac OS X) AppleWebKit/605.1.15 (KHTML, like Gecko) Version/16.4 Mobile/15', 1685610271, ''),
(8343, '8aa707fcbdb87df72e975e0c47335238', '106.200.154.105', 'Mozilla/5.0 (Linux; Android 10; K) AppleWebKit/537.36 (KHTML, like Gecko) Chrome/113.0.0.0 Mobile Safari/537.36', 1685610347, ''),
(8344, '05528382a859dc9807d0d50a70aea3ed', '106.216.192.77', 'Dart/3.0 (dart:io)', 1685610879, ''),
(8346, 'b761a3d02b3099e9bf69faa918b6a336', '115.243.2.227', 'Mozilla/5.0 (Windows NT 10.0; Win64; x64) AppleWebKit/537.36 (KHTML, like Gecko) Chrome/114.0.0.0 Safari/537.36', 1685611488, 'a:2:{s:9:\"user_data\";s:0:\"\";s:9:\"logged_in\";a:4:{s:4:\"name\";s:5:\"Admin\";s:5:\"email\";s:22:\"rudra.pranay@gmail.com\";s:2:\"id\";s:1:\"1\";s:4:\"role\";s:10:\"superadmin\";}}'),
(8347, '381db563c48c19395bd4146c85cc5def', '106.216.203.77', 'Dart/3.0 (dart:io)', 1685612766, ''),
(8348, '0c7716b9de93cf0d87bd345dd4f26240', '106.216.203.77', 'Dart/3.0 (dart:io)', 1685612768, ''),
(8349, 'a0928e0696845f52524ff9e68afa2f85', '106.216.203.77', 'Dart/3.0 (dart:io)', 1685612775, ''),
(8350, '5b0789fc5ca8eefbdaf6287340494586', '106.216.205.77', 'Mozilla/5.0 (Linux; Android 10; K) AppleWebKit/537.36 (KHTML, like Gecko) Chrome/113.0.0.0 Mobile Safari/537.36', 1685615436, 'a:2:{s:9:\"user_data\";s:0:\"\";s:9:\"logged_in\";a:4:{s:4:\"name\";s:16:\"Innova Solutions\";s:5:\"email\";s:25:\"admin@innovasolutions.com\";s:2:\"id\";s:1:\"3\";s:4:\"role\";s:7:\"manager\";}}'),
(8351, '21b4d280e58b652af4135e38b524b1de', '157.47.74.113', 'Dart/2.19 (dart:io)', 1685615576, ''),
(8352, 'c596023eb6fe7fd654f9cc6be9ef3316', '157.47.74.113', 'Dart/2.19 (dart:io)', 1685615578, ''),
(8353, 'b8caeb30f17d42f0e0353efa9e8ca999', '157.47.74.113', 'Dart/2.19 (dart:io)', 1685615583, ''),
(8354, '2cbebe45455b64a0cc5ba6aa957aca61', '157.47.74.113', 'Dart/2.19 (dart:io)', 1685615600, ''),
(8355, 'de3ced24a2152c8eaf9b2e31cd55ed95', '157.47.74.113', 'Dart/2.19 (dart:io)', 1685615601, ''),
(8356, 'f21ae34eb403ce60d15805c922477e7a', '157.47.74.113', 'Dart/2.19 (dart:io)', 1685615608, ''),
(8357, 'ad0e267f6f56e138092e379ae321c482', '157.47.74.113', 'Dart/2.19 (dart:io)', 1685615609, ''),
(8358, 'c4d7690f32dc5453da881209e7fd4fde', '157.47.74.113', 'Dart/2.19 (dart:io)', 1685615677, ''),
(8359, '80d5630f2b5ffb3d33b626b13de3cd5e', '157.47.74.113', 'Dart/3.0 (dart:io)', 1685615850, ''),
(8360, 'de0184a9868e755f3da48e054e2b3e9d', '157.47.74.113', 'Dart/3.0 (dart:io)', 1685615868, ''),
(8361, '4436191968c860be985fe4bed7f81177', '157.47.74.113', 'Dart/3.0 (dart:io)', 1685615869, ''),
(8362, '780a7b9eb10b84af52adb8a6ad77fba6', '157.47.74.113', 'Dart/3.0 (dart:io)', 1685615874, ''),
(8363, '707f311e4f1eb547d6d3cd0832585ad4', '103.161.31.20', 'Dart/3.0 (dart:io)', 1685618869, ''),
(8364, '3f6b671b168439be7e503d42f439104f', '103.161.31.20', 'Dart/3.0 (dart:io)', 1685618873, ''),
(8365, '2be23340dfefa8593b05fb2dfcaabfc9', '103.161.31.20', 'Dart/3.0 (dart:io)', 1685618879, '');

-- --------------------------------------------------------

--
-- Table structure for table `app_users`
--

CREATE TABLE `app_users` (
  `user_id` int(11) NOT NULL,
  `name` varchar(100) NOT NULL,
  `email` varchar(100) NOT NULL,
  `password` varchar(255) NOT NULL,
  `mobile` varchar(10) NOT NULL,
  `employee_id` varchar(50) NOT NULL,
  `email_verify` tinyint(1) NOT NULL DEFAULT 0,
  `gcm_registration_id` varchar(255) NOT NULL,
  `imei` varchar(100) DEFAULT NULL,
  `forgot_key` varchar(255) NOT NULL,
  `login_status` tinyint(1) NOT NULL DEFAULT 1,
  `created_at` datetime NOT NULL,
  `modified_at` datetime NOT NULL
) ENGINE=InnoDB DEFAULT CHARSET=latin1 COLLATE=latin1_swedish_ci;

--
-- Dumping data for table `app_users`
--

INSERT INTO `app_users` (`user_id`, `name`, `email`, `password`, `mobile`, `employee_id`, `email_verify`, `gcm_registration_id`, `imei`, `forgot_key`, `login_status`, `created_at`, `modified_at`) VALUES
(1, 'Pranay Rudra', 'rudra.pranay@gmail.com', '2d8267da02cf026e0fd53db654eba458', '9030894779', '1234', 1, '', NULL, '8eec7addb432097b06c8fa0c357fbb7ae2aa62977d591bdbcfc0f7054de3d89c', 1, '2023-03-17 19:02:58', '2023-03-31 13:36:24'),
(2, 'sai', 'sai.pranay@gmail.com', '3054682d8bb895944d1bc679c20fbd53', '9030894778', '0123', 1, '', NULL, '', 1, '2023-03-21 18:20:25', '0000-00-00 00:00:00'),
(3, 'sai', 'sai1.pranay@gmail.com', '4d00de2d0b6cd21474cdd35aef6a7059', '9030894777', '0124', 1, '', NULL, '', 1, '2023-03-21 18:29:00', '0000-00-00 00:00:00'),
(4, 'sai', 'sai2.pranay@gmail.com', 'b446e3d3918460138811ddac8ebe18f2', '9030894776', '0124', 1, '', NULL, '', 1, '2023-03-21 18:58:01', '0000-00-00 00:00:00'),
(5, 'sai', 'sai@2gm.cy', '6aba89860cdce00b236dfc7af93db293', '9908399855', '1235', 1, '', NULL, '', 1, '2023-03-21 18:58:41', '0000-00-00 00:00:00'),
(6, 'jagadeesh', 'jagdeesh.coign@gmail.com', '697ce37f813ae5260ae146781e289a79', '9908693991', '01', 1, '', NULL, '', 1, '2023-03-21 19:01:38', '0000-00-00 00:00:00'),
(7, 'vijay kumar Jakkula', 'vijaykumar2906@gmail.com', '1c312e9b0cb9e2d412229523c400fd41', '9963879607', '0029', 1, '', NULL, '9691bf80a58193511d309a7dc5e35d1775da2da7306b321ccd775a24be17ab11', 1, '2023-03-21 21:13:48', '0000-00-00 00:00:00'),
(8, 'venu', 'venu.nick@gmail.com', 'f5fc38ae801550a871d39372eeb4c41d', '9966008884', '1234', 1, '', NULL, '', 1, '2023-03-21 21:21:48', '0000-00-00 00:00:00'),
(9, 'swamy', 'swan.my88@gmail.com', '35ab342e64fa8e25531e0d83c73f0efa', '9490043228', '3228', 1, '', NULL, '', 1, '2023-03-23 14:06:17', '0000-00-00 00:00:00'),
(10, 'Bhushan', 'bhushan145345@gmail.com', 'a8f7632d402edcb4eab08dec38403a4c', '9603113211', '145345', 1, '', NULL, '', 1, '2023-03-24 11:21:14', '0000-00-00 00:00:00'),
(11, 'RANJITH', 'reddy@gmail.com', '0cbffd2de803af1b170f906b2bfb68a1', '8341911134', '57867646', 1, '', NULL, '999ee482ca63a2103e7200ac6022e11d0a6e28cfb3ca0b36292ca616adb1b32f', 1, '2023-03-24 13:03:51', '0000-00-00 00:00:00'),
(12, 'kranthi', 'mkranthi2019@gmail.com', 'e2fe2fe1c8614e841d4454a19998a92b', '9292556221', '123456', 1, '', NULL, '', 1, '2023-03-24 13:05:18', '0000-00-00 00:00:00'),
(13, 'venu', 'venukatakam4@gmail.com', '97fa2e350fc52dcff9fb722d9f166a0a', '9985858959', '123456', 1, '', NULL, '', 1, '2023-03-24 14:10:26', '0000-00-00 00:00:00'),
(14, 'bhushan', 'shashixperiaz@gmail.com', 'a2c8af751a34367686b1800bdcbfd191', '8688940676', '1234', 1, '', NULL, '', 1, '2023-03-24 14:42:58', '0000-00-00 00:00:00'),
(15, 'mallikarjun', 'm@gmail.com', 'f7cf8151cd0f3619b859c074f5094643', '7095474566', '12345', 1, '', NULL, '', 1, '2023-03-24 15:36:55', '0000-00-00 00:00:00'),
(16, 'mallesh', 'mallesh@gmail.com', 'e0ec043b3f9e198ec09041687e4d4e8d', '9999999999', '1254', 1, '', NULL, '', 1, '2023-03-24 15:48:57', '0000-00-00 00:00:00'),
(17, 'srikanth', 'srikanth@gmail.com', '3bdc98fc3294d24a064290b489694bd7', '9898899988', '1274', 1, '', NULL, '', 1, '2023-03-24 15:52:19', '0000-00-00 00:00:00'),
(18, 'sravanthi', 'vijaykumar@vitasoft.in', 'f6cddb7f449c8987b4afd1f4ee9d29f5', '9030662999', '912356', 1, '', NULL, '', 1, '2023-03-24 19:15:20', '0000-00-00 00:00:00'),
(19, 'charanvas', 'charan@gmail.com', '90f21bc6a394ca6f4e8713438cba16e1', '7093064813', 'vita234', 1, '', NULL, '', 1, '2023-03-24 21:54:05', '0000-00-00 00:00:00'),
(20, 'vas', 'charan1@gmail.com', '9e5f304c8adaf7aa4b3363dc18e796f3', '8897303503', '1234', 1, '', NULL, '', 1, '2023-03-26 23:20:20', '0000-00-00 00:00:00'),
(21, 'venu', 'venu@gmail.com', '095b8ed17087dd6f783a12079e5676d3', '9618316071', '100', 1, '', NULL, '', 1, '2023-03-27 11:22:05', '0000-00-00 00:00:00'),
(22, 'kranthi', 'sravan.kasarla5@gmail.com', '2be893a684dc1336876273f1e9728492', '9849400933', '10002891', 1, '', NULL, '', 1, '2023-03-27 19:37:24', '0000-00-00 00:00:00'),
(23, 'kirankumar', 'kirankumar4@gmail.com', 'a249da632e77bb745e0add599fc99fd1', '9966332211', '12345', 1, '', NULL, '', 1, '2023-03-27 20:25:00', '0000-00-00 00:00:00'),
(24, 'Kishore Kumar', 'Kishorekumar5@gmail.com', 'e4d09637e0ddbb2edcc66e8a7e6551f9', '9988776655', '123456', 1, '', NULL, '63a1869c199b016a03030ff847896979a810b90cd03a2511c0a7a9e224fe1afa', 1, '2023-03-27 20:28:05', '0000-00-00 00:00:00'),
(25, 'vishruth chandra', 'vijaykumar@outlook.com', '81ee7a8bb2be2546bd17b73cd61c8565', '8977279607', 'vijay123', 1, '', NULL, '', 1, '2023-03-28 15:12:46', '0000-00-00 00:00:00'),
(26, 'kranthi', 'kranthikumar.m.481@gmail.com', '70431836c417919c8b076f5db84259a3', '9866347112', '12345', 1, '', NULL, '', 1, '2023-03-28 17:24:50', '0000-00-00 00:00:00'),
(27, 'test', 'test@gmail.com', '1de4a4f1ea2eb24aeac240a892133530', '9493967663', 'test', 1, '', NULL, '', 1, '2023-03-29 16:52:39', '0000-00-00 00:00:00'),
(28, 'M Sathish Kumar', 'satish.mula@kantar.com', '7478a5b7770cd8e887c58891616730ba', '7660004562', '70017681', 1, '', NULL, '', 1, '2023-03-30 21:13:42', '0000-00-00 00:00:00'),
(29, 'Santosh Kumar', 'santoshkumar.090591@gmail.com', 'fbb569cb6e0fbbc06f0f4e1304cb32d9', '9676635256', '1835', 1, '', NULL, '', 1, '2023-03-30 21:18:42', '0000-00-00 00:00:00'),
(30, 'CH EBENEZER', 'Chukkaebenezer@gmail.com', '0ef3e47d55436852afa071675f653dad', '9700670605', '1728', 1, '', NULL, '', 1, '2023-03-30 22:36:59', '0000-00-00 00:00:00'),
(31, 'shasank', 'shashank.sakala@gmail.com', '8e192d97c014f18e409a41df8584feca', '9440759106', 'SSS', 1, '', NULL, '', 1, '2023-03-31 12:22:28', '0000-00-00 00:00:00'),
(32, 'Allagani Saipradeep', 'allagani.pradeep@acsicorp.com', '1285b4fa393126c501a61c1f22d13ba7', '8186096020', '103663', 1, '', NULL, '', 0, '2023-04-03 14:05:19', '0000-00-00 00:00:00'),
(33, 'harish', 'arepalli.harish1992@gmail.com', 'c10f7fa984ba713a3124004a5c3e1bad', '9912855533', '8686628', 1, '', NULL, '', 1, '2023-04-09 21:06:02', '0000-00-00 00:00:00'),
(34, 'ANUSHA', 'hr@vitasoft.in', '3bc0581e7d070380ac19d9e98d306e65', '9502695444', '413', 1, '', NULL, '', 1, '2023-04-10 16:53:04', '0000-00-00 00:00:00'),
(35, 'Sai Vara Prasad Redy', 'vara.prasad@innovasolutions.com', 'c0dc9711dac32632c69439b6283c02d4', '8897511975', '103834', 1, '', NULL, '', 1, '2023-04-11 22:58:59', '0000-00-00 00:00:00'),
(36, 'Pranay R', 'pranayrudra17@gmail.com', '9862f2076a0ff73664db8c729c68cb05', '9297107199', 'emp1234', 1, '', NULL, '', 1, '2023-04-14 16:57:51', '0000-00-00 00:00:00'),
(37, 'Test Test', 'test@innovasolutions.com', 'e388c1c5df4933fa01f6da9f92595589', '9876543210', 'abc123', 1, '', NULL, '', 1, '2023-05-19 07:45:09', '0000-00-00 00:00:00'),
(38, 'vishal', 'vishal@innovasolutions.com', '9c2845863f114e6db26f8efd89084978', '9638527410', '107345', 1, '', NULL, '', 1, '2023-05-19 19:42:41', '0000-00-00 00:00:00'),
(39, 'kumar', 'kumar@innovasolutions.com', '893f9938c25ef2f60fb87e29af991f24', '9012345678', '17890', 1, '', NULL, '', 1, '2023-05-19 20:08:30', '0000-00-00 00:00:00'),
(40, 'Suresh Midde', 'suresh.midde@innovasolutions.com', 'd0e8244923f87b3179d0d391fcfd8a25', '7660004564', '104285', 1, '', NULL, '', 1, '2023-05-20 13:59:07', '0000-00-00 00:00:00'),
(41, 'Adarsh', 'adarsh.kumar@innovasolutions.com', 'b99d77b560f48c243612b6bfe2071871', '9177171265', '103071', 1, '', NULL, '', 1, '2023-05-23 13:45:24', '0000-00-00 00:00:00'),
(42, 'Ramakrishna', 'ramakrishna.godamala@innovasolutions.com', '62a81b7bc0652e7caa1355b74c51eb03', '8501942999', '100084', 1, '', NULL, '', 1, '2023-05-23 19:07:15', '2023-05-25 19:26:10'),
(43, 'Vikrant Gummadi', 'vikrant.gummadi@innovasolutions.com', 'cf3bafa367dbb88504002ed396b43721', '9948516696', '105476', 1, '', NULL, '', 1, '2023-05-24 22:08:47', '0000-00-00 00:00:00'),
(44, 'Surya Puvvula', 'srisuryann.puvvula@innovasolutions.com', '3140692662fdbf0eceb94c7d1015bee8', '9177369729', '105451', 1, '', NULL, '', 1, '2023-05-24 22:09:30', '0000-00-00 00:00:00'),
(45, 'Hari Krishna Boyina', 'harikrishna.boyinq@innovasolutions.com', 'b768b98e4caecaf59a55be7bd9c3c0af', '9052681177', '105462', 1, '', NULL, '', 1, '2023-05-24 22:24:46', '0000-00-00 00:00:00'),
(46, 'Amarendar Guthru', 'amarendar.guthruru@innovasolutions.com', '3cdbdea9686afdcba3e6ebd47929f9c7', '9177135981', '100745', 1, '', NULL, '', 1, '2023-05-25 13:08:53', '0000-00-00 00:00:00'),
(47, 'Michael', 'hksup.nsl@innovasolutions.com', '1d0577ec1aebe91418d80e86de4c5ca0', '8463946008', '80742', 1, '', NULL, '', 1, '2023-05-25 13:36:11', '0000-00-00 00:00:00'),
(48, 'Rakesh', 'rmalapula@innovasolutions.com', 'ba0023d88c4f8884e90029aed6619cc4', '9441245127', '100010', 1, '', NULL, '', 1, '2023-05-25 15:02:57', '0000-00-00 00:00:00'),
(49, 'paladugu kalyan kumar', 'kalyan.paladugu@innovasolutions.com', '510ce89e3a3cc17c0672d1f062effb21', '8143464286', '101871', 1, '', NULL, '5745b7957b75aeba50101dc84b85ac325cb2e4717662d13edc2dff95053c8b91', 1, '2023-05-25 18:10:46', '0000-00-00 00:00:00'),
(50, 'shivasree gyajangi', 'shivasree.gyajangi@innovasolutions.com', 'e17e402a9645262427c3f9c41890bbc7', '9704248628', '103608', 1, '', NULL, '', 1, '2023-05-25 19:22:57', '0000-00-00 00:00:00'),
(51, 'Allagani Saipradeep', 'allagani.pradeep@innovasolutions.com', '1285b4fa393126c501a61c1f22d13ba7', '8186096020', '103663', 1, '', NULL, '', 1, '2023-05-25 19:32:29', '2023-05-25 20:28:50'),
(52, 'harikrishna boyina', 'harikrishna.boyina@innovasolutions.com', 'b768b98e4caecaf59a55be7bd9c3c0af', '9052681177', '105462', 1, '', NULL, '', 1, '2023-05-25 20:01:25', '0000-00-00 00:00:00'),
(53, 'srinath', 'srinath.poddaturi@innovasolutions.com', '5d31e72330e0bc5bb4c9f72a92356ab5', '8501926677', '100597', 1, '', NULL, '', 1, '2023-05-25 22:36:39', '0000-00-00 00:00:00'),
(54, 'Pranay Rudra', 'pranay@innovasolutions.com', '2d8267da02cf026e0fd53db654eba458', '9030894779', '1234', 1, '', NULL, '', 1, '2023-05-26 00:19:51', '0000-00-00 00:00:00'),
(55, 'Ram Mohan', 'ram.a@innovasolutions.com', '6329aeda9317f5ddccf1b0cbc922851a', '9885177598', '105988', 1, '', NULL, '', 1, '2023-05-26 01:23:50', '0000-00-00 00:00:00'),
(56, 'Sundeep Mohanraj', 'sundeep.raj@innovasolutions.com', 'cae0954002984154945fa4f75bbd6f54', '8179184438', '106059', 1, '', NULL, '', 1, '2023-05-26 01:26:28', '0000-00-00 00:00:00'),
(57, 'Ramprasad', 'ramprasad.bairi@innovasolutions.com', '218c4b9b52a737b4dbbf7bc1815ca357', '9176402761', '100420', 1, '', NULL, '', 1, '2023-05-26 12:36:49', '0000-00-00 00:00:00'),
(58, 'Amarendar Guthuru', 'amarendar.guthuru@innovasolutions.com', '3cdbdea9686afdcba3e6ebd47929f9c7', '9177135981', '100745', 1, '', NULL, '', 1, '2023-05-26 12:41:30', '0000-00-00 00:00:00'),
(59, 'mangala Venkata Rao', 'Venkatarao.mangala@innovasolutions.com', '16afd1f284ab7940ef982aae775d1981', '9533953327', '106080', 1, '', NULL, '', 1, '2023-05-26 13:24:40', '0000-00-00 00:00:00'),
(60, 'Santosh Kumar Narla', 'Santosh.narla@innovasolutions.com', 'd3062b9791f4f86c567d29f20a74261f', '7660004558', '101569', 1, '', NULL, '', 1, '2023-05-26 13:25:59', '0000-00-00 00:00:00'),
(61, 'S VEERENDRA', 'veerendra.sorapalli@innovasolutions.com', 'fd1ec8f9263d87cdd8dacfcf946c5efe', '8660247686', '101979', 1, '', NULL, '', 1, '2023-05-26 13:32:26', '0000-00-00 00:00:00'),
(62, 'Thagili Aishwarya', 'aishwarya.thagili@innovasolutions.com', 'a0f307501eef3e5ebe04b6c079b9fcd3', '8977417472', '104149', 1, '', NULL, '', 1, '2023-05-26 13:54:46', '0000-00-00 00:00:00'),
(63, 'Akhil Boga', 'akhil.boga@innovasolutions.com', 'e59a9533121cfd25c5ab48f6ff1392d4', '7799202555', '100562', 1, '', NULL, '', 1, '2023-05-26 14:14:26', '0000-00-00 00:00:00'),
(64, 'Zakir Hussain', 'zakir.hussain@innovasolutions.com', 'a7ce45a57eded17706e923ebee763aa4', '7660004555', '101171', 1, '', NULL, '', 1, '2023-05-26 14:25:23', '0000-00-00 00:00:00'),
(65, 'Arun Kumar Boligireddy', 'arun.boligireddy@innovasolutions.com', '15bdd03568d9ef67ff95ad57bd357988', '9703399678', '100487', 1, '', NULL, '', 1, '2023-05-26 15:08:29', '0000-00-00 00:00:00'),
(66, 'Amith Kumar Vemula', 'Vemula.kumar@innovasolutions.com', '52c724a400414901f23d21b5103ae4f3', '9121693829', '104067', 1, '', NULL, '', 1, '2023-05-26 21:36:20', '0000-00-00 00:00:00'),
(67, 'sai srujan', 'saisrujan.vulige@innovasolutions.com', '725cbce522d6935aba6b18aa8ab82052', '9700702125', '105459', 1, '', NULL, '', 1, '2023-05-26 21:37:07', '0000-00-00 00:00:00'),
(68, 'Ashwini Alakuntla', 'ashwini.alakuntla@innovasolutions.com', '4f1c2e2ab4a4f3df348463b12cb1c517', '9133009039', '104147', 1, '', NULL, '', 1, '2023-05-29 13:03:53', '0000-00-00 00:00:00'),
(69, 'Laxmi kande', 'laxmi.kande@innovasolutions.com', '7ea688850b435338f7a4691ebc654c61', '9494663700', '101132', 1, '', NULL, '', 1, '2023-05-30 12:42:39', '0000-00-00 00:00:00');

-- --------------------------------------------------------

--
-- Table structure for table `bookings`
--

CREATE TABLE `bookings` (
  `id` int(11) NOT NULL,
  `user_id` int(11) NOT NULL,
  `branch_id` int(11) NOT NULL,
  `booking_date` date NOT NULL,
  `lunch_status` tinyint(1) NOT NULL DEFAULT 0 COMMENT '0 not available, 1 available, 2 booked by user, 3 cancelled, 4 confirmed',
  `dinner_status` tinyint(1) NOT NULL DEFAULT 0 COMMENT '0 not available, 1 available, 2 booked by user, 3 cancelled, 4 confirmed',
  `slot` int(11) NOT NULL DEFAULT 0,
  `booked_by` varchar(255) NOT NULL,
  `updated_by` varchar(255) NOT NULL,
  `created_at` datetime NOT NULL,
  `modified_at` datetime NOT NULL,
  `status` tinyint(1) NOT NULL DEFAULT 1
) ENGINE=MyISAM DEFAULT CHARSET=latin1 COLLATE=latin1_swedish_ci;

--
-- Dumping data for table `bookings`
--

INSERT INTO `bookings` (`id`, `user_id`, `branch_id`, `booking_date`, `lunch_status`, `dinner_status`, `slot`, `booked_by`, `updated_by`, `created_at`, `modified_at`, `status`) VALUES
(1, 1, 1, '2023-03-24', 3, 0, 0, '0', '0', '2023-03-21 12:47:20', '2023-03-24 11:19:37', 1),
(4, 1, 1, '2023-03-20', 0, 0, 0, '0', '0', '2023-03-21 13:22:04', '0000-00-00 00:00:00', 1),
(6, 1, 1, '2023-03-27', 3, 2, 0, '0', '0', '2023-03-21 13:39:24', '2023-03-24 16:39:22', 1),
(7, 1, 1, '2023-03-28', 3, 3, 0, '0', '0', '2023-03-21 13:39:40', '2023-03-24 17:55:23', 1),
(10, 1, 1, '2023-03-16', 0, 0, 0, '0', '0', '2023-03-23 19:41:33', '0000-00-00 00:00:00', 1),
(11, 1, 1, '2023-03-09', 0, 0, 0, '0', '0', '2023-03-23 19:41:38', '0000-00-00 00:00:00', 1),
(12, 1, 2, '2023-03-28', 0, 3, 0, '0', '0', '2023-03-23 19:51:16', '0000-00-00 00:00:00', 1),
(13, 1, 2, '2023-03-24', 0, 3, 0, '0', '0', '2023-03-23 19:51:30', '2023-03-24 11:31:25', 1),
(14, 1, 2, '2023-03-25', 0, 3, 0, '0', '0', '2023-03-23 19:51:40', '0000-00-00 00:00:00', 1),
(16, 2, 1, '2023-03-26', 0, 3, 0, '0', '0', '2023-03-23 19:51:53', '2023-03-24 17:08:32', 1),
(18, 1, 2, '2023-03-30', 0, 3, 0, '0', '0', '2023-03-23 20:25:56', '0000-00-00 00:00:00', 1),
(19, 2, 1, '2023-03-27', 2, 3, 0, '0', '0', '2023-03-24 00:31:40', '2023-03-27 18:27:16', 1),
(21, 1, 2, '2023-03-27', 0, 3, 0, '0', '0', '2023-03-24 11:27:26', '2023-03-24 17:30:42', 1),
(23, 1, 2, '2023-03-24', 0, 3, 0, '0', '0', '2023-03-24 11:30:02', '0000-00-00 00:00:00', 1),
(24, 1, 2, '2023-03-29', 0, 2, 0, '0', '0', '2023-03-24 11:33:36', '0000-00-00 00:00:00', 1),
(25, 1, 2, '2023-03-29', 1, 2, 0, '0', '0', '2023-03-24 11:39:32', '2023-03-24 11:39:58', 1),
(26, 1, 2, '2023-03-31', 1, 1, 0, '0', '0', '2023-03-24 11:41:24', '0000-00-00 00:00:00', 1),
(27, 1, 1, '2023-03-24', 0, 0, 0, '0', '0', '2023-03-24 13:22:19', '0000-00-00 00:00:00', 1),
(28, 1, 1, '2023-03-24', 0, 0, 0, '0', '0', '2023-03-24 13:22:25', '0000-00-00 00:00:00', 1),
(29, 1, 1, '2023-03-25', 0, 0, 0, '0', '0', '2023-03-24 13:23:16', '0000-00-00 00:00:00', 1),
(30, 1, 1, '2023-03-26', 2, 2, 0, '0', '0', '2023-03-24 13:24:15', '2023-03-24 13:54:10', 1),
(31, 1, 1, '2023-03-25', 3, 3, 0, '0', '0', '2023-03-24 13:26:06', '2023-03-24 16:37:45', 1),
(32, 1, 1, '2023-03-24', 0, 0, 0, '0', '0', '2023-03-24 13:27:57', '0000-00-00 00:00:00', 1),
(33, 1, 1, '2023-03-24', 3, 2, 0, '0', '0', '2023-03-24 13:30:58', '2023-03-24 17:15:44', 1),
(34, 1, 1, '2023-03-26', 0, 0, 0, '0', '0', '2023-03-24 13:44:12', '0000-00-00 00:00:00', 1),
(35, 1, 1, '2023-03-26', 3, 3, 0, '0', '0', '2023-03-24 13:48:28', '2023-03-24 17:15:34', 1),
(36, 1, 1, '2023-03-29', 3, 1, 0, '0', '0', '2023-03-24 17:38:31', '2023-03-24 17:39:02', 1),
(37, 1, 1, '2023-03-29', 2, 2, 0, '0', '0', '2023-03-24 17:42:50', '2023-03-24 18:59:30', 1),
(38, 1, 1, '2023-03-30', 2, 2, 0, '0', '0', '2023-03-24 17:54:54', '2023-03-24 17:54:58', 1),
(39, 1, 3, '2023-03-25', 3, 0, 0, '0', '0', '2023-03-24 17:55:31', '2023-03-24 18:11:15', 1),
(40, 1, 3, '2023-03-26', 3, 0, 0, '0', '0', '2023-03-24 17:57:16', '2023-03-24 18:58:59', 1),
(41, 1, 3, '2023-03-27', 2, 0, 0, '0', '0', '2023-03-24 17:58:51', '0000-00-00 00:00:00', 1),
(42, 1, 3, '2023-03-24', 2, 0, 0, '0', '0', '2023-03-24 17:59:22', '0000-00-00 00:00:00', 1),
(43, 1, 3, '2023-03-28', 2, 0, 0, '0', '0', '2023-03-24 18:02:00', '0000-00-00 00:00:00', 1),
(44, 1, 3, '2023-03-29', 3, 0, 0, '0', '0', '2023-03-24 18:02:10', '2023-03-24 18:02:26', 1),
(45, 1, 3, '2023-03-30', 3, 0, 0, '0', '0', '2023-03-24 18:16:44', '2023-03-24 19:35:58', 1),
(46, 7, 1, '2023-03-25', 3, 2, 0, '0', '0', '2023-03-24 19:10:10', '2023-03-25 18:53:55', 1),
(47, 18, 1, '2023-03-24', 2, 1, 0, '0', '0', '2023-03-24 19:16:05', '0000-00-00 00:00:00', 1),
(48, 18, 1, '2023-03-25', 1, 2, 0, '0', '0', '2023-03-24 19:16:11', '0000-00-00 00:00:00', 1),
(49, 18, 1, '2023-03-27', 3, 2, 0, '0', '0', '2023-03-24 19:16:18', '2023-03-24 19:18:00', 1),
(50, 6, 1, '2023-03-24', 3, 2, 0, '0', '0', '2023-03-24 19:20:46', '2023-03-24 19:21:57', 1),
(51, 6, 1, '2023-03-25', 2, 2, 0, '0', '0', '2023-03-24 19:22:06', '2023-03-24 19:35:13', 1),
(52, 14, 1, '2023-03-24', 3, 3, 0, '0', '0', '2023-03-24 19:23:24', '2023-03-24 19:25:01', 1),
(53, 14, 1, '2023-03-25', 3, 2, 0, '0', '0', '2023-03-24 19:25:05', '2023-03-24 19:25:20', 1),
(54, 6, 1, '2023-03-26', 3, 3, 0, '0', '0', '2023-03-24 19:35:23', '2023-03-26 06:31:59', 1),
(55, 6, 1, '2023-03-27', 2, 2, 0, '0', '0', '2023-03-24 19:35:31', '2023-03-24 19:36:17', 1),
(56, 6, 1, '2023-03-28', 3, 3, 0, '0', '0', '2023-03-24 19:49:32', '2023-03-27 19:47:39', 1),
(57, 7, 1, '2023-03-29', 3, 3, 0, '0', '0', '2023-03-24 21:46:55', '2023-03-25 18:54:04', 1),
(58, 19, 3, '2023-03-24', 2, 0, 0, '0', '0', '2023-03-24 21:55:30', '0000-00-00 00:00:00', 1),
(59, 19, 1, '2023-03-28', 3, 2, 0, '0', '0', '2023-03-24 21:55:51', '2023-03-24 21:56:02', 1),
(60, 8, 1, '2023-03-25', 3, 3, 0, '0', '0', '2023-03-25 09:17:26', '2023-03-25 09:17:38', 1),
(61, 12, 1, '2023-03-25', 3, 1, 0, '0', '0', '2023-03-25 11:52:17', '2023-03-25 11:52:22', 1),
(62, 7, 1, '2023-03-27', 3, 2, 0, '0', '0', '2023-03-25 16:54:16', '2023-03-25 16:54:54', 1),
(63, 6, 1, '2023-03-29', 2, 2, 0, '0', '0', '2023-03-25 19:21:39', '2023-03-27 19:47:30', 1),
(64, 8, 1, '2023-03-26', 3, 3, 0, '0', '0', '2023-03-26 13:54:09', '2023-03-26 13:56:49', 1),
(65, 12, 1, '2023-03-29', 3, 2, 0, '0', '0', '2023-03-26 13:54:38', '2023-03-27 13:18:00', 1),
(66, 7, 1, '2023-04-01', 1, 2, 0, '0', '0', '2023-03-27 11:05:14', '0000-00-00 00:00:00', 1),
(67, 6, 1, '2023-03-31', 2, 2, 0, '0', '0', '2023-03-27 11:15:05', '2023-03-27 11:15:10', 1),
(68, 6, 1, '2023-04-01', 2, 2, 0, '0', '0', '2023-03-27 11:15:15', '2023-03-27 11:15:20', 1),
(69, 6, 1, '2023-03-30', 1, 2, 0, '0', '0', '2023-03-27 11:15:24', '0000-00-00 00:00:00', 1),
(70, 21, 1, '2023-03-29', 1, 2, 0, '0', '0', '2023-03-27 11:23:05', '0000-00-00 00:00:00', 1),
(71, 8, 2, '2023-03-27', 0, 2, 0, '0', '0', '2023-03-27 13:18:23', '0000-00-00 00:00:00', 1),
(72, 12, 2, '2023-03-27', 0, 3, 0, '0', '0', '2023-03-27 13:18:25', '2023-03-27 13:18:30', 1),
(73, 2, 3, '2023-03-28', 3, 0, 0, '0', '0', '2023-03-27 18:23:53', '2023-03-27 18:23:59', 1),
(74, 2, 3, '2023-03-29', 3, 0, 0, '0', '0', '2023-03-27 18:24:06', '2023-03-27 18:24:12', 1),
(75, 2, 3, '2023-03-30', 3, 0, 0, '0', '0', '2023-03-27 18:25:28', '2023-03-27 18:25:32', 1),
(76, 7, 1, '2023-03-30', 3, 2, 0, '0', '0', '2023-03-27 19:17:04', '2023-03-27 19:17:18', 1),
(77, 8, 1, '2023-03-30', 2, 1, 0, '0', '0', '2023-03-27 19:23:39', '0000-00-00 00:00:00', 1),
(78, 22, 1, '2023-03-28', 2, 1, 0, '0', '0', '2023-03-27 19:38:39', '0000-00-00 00:00:00', 1),
(79, 24, 4, '2023-03-28', 3, 3, 0, '0', '0', '2023-03-27 20:28:37', '2023-03-27 20:28:56', 1),
(80, 6, 4, '2023-04-02', 3, 1, 0, '0', '0', '2023-03-27 20:46:31', '2023-03-28 18:47:42', 1),
(81, 1, 4, '2023-03-30', 2, 3, 0, '0', '0', '2023-03-27 21:28:37', '2023-03-27 22:16:02', 1),
(82, 1, 4, '2023-03-29', 3, 1, 0, '0', '0', '2023-03-27 22:07:57', '2023-03-27 22:08:02', 1),
(83, 1, 4, '2023-03-28', 2, 1, 0, '0', '0', '2023-03-27 22:08:44', '0000-00-00 00:00:00', 1),
(84, 1, 4, '2023-03-31', 2, 1, 0, '0', '0', '2023-03-27 22:11:16', '0000-00-00 00:00:00', 1),
(85, 1, 4, '2023-04-01', 1, 2, 0, '0', '0', '2023-03-27 22:16:07', '0000-00-00 00:00:00', 1),
(86, 11, 4, '2023-03-29', 2, 3, 0, '0', '0', '2023-03-27 22:53:38', '2023-03-27 22:53:48', 1),
(87, 11, 5, '2023-03-28', 3, 0, 0, '0', '0', '2023-03-27 23:01:26', '2023-03-27 23:01:44', 1),
(88, 7, 5, '2023-03-29', 2, 0, 0, '0', '0', '2023-03-28 00:31:04', '0000-00-00 00:00:00', 1),
(89, 7, 5, '2023-03-31', 3, 0, 0, '0', '0', '2023-03-28 00:31:11', '2023-03-28 00:31:17', 1),
(90, 6, 5, '2023-03-29', 2, 0, 0, '0', '0', '2023-03-28 13:57:48', '0000-00-00 00:00:00', 1),
(91, 24, 4, '2023-03-29', 2, 1, 0, '0', '0', '2023-03-28 15:32:16', '0000-00-00 00:00:00', 1),
(92, 12, 4, '2023-03-29', 3, 1, 0, '0', '0', '2023-03-28 16:05:02', '2023-03-28 16:05:16', 1),
(93, 26, 4, '2023-03-29', 3, 3, 0, '0', '0', '2023-03-28 19:15:31', '2023-03-28 19:15:55', 1),
(94, 1, 5, '2023-03-30', 3, 0, 0, '0', '0', '2023-03-29 10:17:06', '2023-03-29 10:17:22', 1),
(95, 27, 5, '2023-03-30', 3, 0, 0, '0', '0', '2023-03-29 16:54:23', '2023-03-29 16:54:35', 1),
(96, 1, 4, '2023-04-03', 1, 3, 0, '0', '0', '2023-03-30 14:26:49', '2023-03-30 14:27:22', 1),
(97, 28, 4, '2023-03-31', 3, 1, 0, '0', '0', '2023-03-30 21:14:46', '2023-03-30 21:14:57', 1),
(98, 29, 4, '2023-04-03', 3, 1, 0, '0', '0', '2023-03-30 21:19:02', '2023-03-30 21:19:08', 1),
(99, 7, 6, '2023-04-07', 1, 3, 0, '0', '0', '2023-03-31 13:37:30', '2023-03-31 13:37:36', 1),
(100, 24, 4, '2023-04-03', 3, 1, 0, '0', '0', '2023-03-31 15:27:25', '2023-03-31 15:27:31', 1),
(101, 7, 4, '2023-04-04', 2, 1, 0, '0', '0', '2023-03-31 17:49:50', '0000-00-00 00:00:00', 1),
(102, 30, 4, '2023-04-03', 2, 1, 0, '0', '0', '2023-04-01 07:33:17', '0000-00-00 00:00:00', 1),
(103, 12, 4, '2023-04-03', 3, 1, 0, '0', '0', '2023-04-01 17:58:18', '2023-04-01 17:58:23', 1),
(104, 11, 4, '2023-04-07', 2, 1, 0, '0', '0', '2023-04-02 11:52:19', '0000-00-00 00:00:00', 1),
(105, 11, 4, '2023-04-07', 1, 2, 0, '0', '0', '2023-04-02 11:52:24', '0000-00-00 00:00:00', 1),
(106, 26, 4, '2023-04-03', 3, 1, 0, '0', '0', '2023-04-02 20:48:09', '2023-04-02 20:48:26', 1),
(107, 32, 4, '2023-04-04', 2, 3, 0, '0', '0', '2023-04-03 14:06:09', '2023-04-03 14:06:23', 1),
(108, 32, 4, '2023-04-05', 2, 1, 0, '0', '0', '2023-04-03 14:06:29', '0000-00-00 00:00:00', 1),
(109, 32, 4, '2023-04-06', 2, 1, 0, '0', '0', '2023-04-03 14:06:35', '0000-00-00 00:00:00', 1),
(110, 32, 4, '2023-04-07', 2, 1, 0, '0', '0', '2023-04-03 14:06:38', '0000-00-00 00:00:00', 1),
(111, 1, 6, '2023-04-05', 3, 0, 0, '0', '0', '2023-04-04 17:46:09', '2023-04-04 18:21:50', 1),
(112, 1, 6, '2023-04-06', 0, 2, 0, '0', '0', '2023-04-04 17:58:54', '0000-00-00 00:00:00', 1),
(113, 1, 6, '2023-04-07', 2, 0, 0, '0', '0', '2023-04-04 18:00:54', '0000-00-00 00:00:00', 1),
(114, 1, 6, '2023-04-10', 0, 2, 0, '0', '0', '2023-04-04 18:06:03', '2023-04-04 22:07:50', 1),
(115, 1, 6, '2023-04-11', 0, 2, 0, '0', '0', '2023-04-04 18:06:53', '0000-00-00 00:00:00', 1),
(116, 1, 6, '2023-04-12', 2, 0, 0, '0', '0', '2023-04-04 18:10:00', '0000-00-00 00:00:00', 1),
(117, 1, 4, '2023-04-05', 0, 2, 0, '0', '0', '2023-04-04 18:14:41', '0000-00-00 00:00:00', 1),
(118, 1, 4, '2023-04-06', 2, 0, 0, '0', '0', '2023-04-04 18:14:53', '0000-00-00 00:00:00', 1),
(119, 1, 4, '2023-04-07', 2, 0, 0, '0', '0', '2023-04-04 18:14:58', '0000-00-00 00:00:00', 1),
(120, 1, 4, '2023-04-10', 2, 0, 0, '0', '0', '2023-04-04 18:15:01', '0000-00-00 00:00:00', 1),
(121, 1, 4, '2023-04-11', 0, 2, 0, '0', '0', '2023-04-04 18:15:07', '0000-00-00 00:00:00', 1),
(122, 1, 4, '2023-04-12', 0, 2, 0, '0', '0', '2023-04-04 18:15:10', '0000-00-00 00:00:00', 1),
(123, 1, 5, '2023-04-05', 2, 0, 0, '0', '0', '2023-04-04 18:15:23', '0000-00-00 00:00:00', 1),
(124, 1, 5, '2023-04-07', 2, 0, 0, '0', '0', '2023-04-04 18:15:30', '0000-00-00 00:00:00', 1),
(125, 7, 4, '2023-04-05', 3, 0, 0, '0', '0', '2023-04-04 18:47:05', '2023-04-04 18:47:34', 1),
(126, 24, 4, '2023-04-05', 2, 0, 0, '0', '0', '2023-04-04 20:03:46', '0000-00-00 00:00:00', 1),
(127, 26, 4, '2023-04-05', 2, 0, 0, '0', '0', '2023-04-04 20:52:18', '0000-00-00 00:00:00', 1),
(128, 26, 4, '2023-04-06', 0, 2, 0, '0', '0', '2023-04-04 20:52:30', '0000-00-00 00:00:00', 1),
(129, 7, 4, '2023-04-11', 2, 0, 0, '0', '0', '2023-04-05 14:03:23', '0000-00-00 00:00:00', 1),
(130, 7, 4, '2023-04-06', 0, 3, 0, '0', '0', '2023-04-05 14:15:54', '2023-04-05 14:38:27', 1),
(131, 7, 6, '2023-04-12', 2, 0, 0, '0', '0', '2023-04-05 14:33:51', '0000-00-00 00:00:00', 1),
(132, 7, 5, '2023-04-13', 3, 0, 0, '0', '0', '2023-04-05 19:53:44', '2023-04-05 19:53:50', 1),
(133, 7, 4, '2023-04-10', 2, 0, 0, '0', '0', '2023-04-08 16:04:24', '0000-00-00 00:00:00', 1),
(134, 7, 6, '2023-04-10', 3, 0, 0, '0', '0', '2023-04-08 17:06:35', '2023-04-08 17:07:03', 1),
(135, 6, 4, '2023-04-10', 3, 0, 0, '0', '0', '2023-04-09 00:15:41', '2023-04-09 00:15:46', 1),
(136, 33, 6, '2023-04-10', 3, 0, 0, '0', '0', '2023-04-09 21:08:43', '2023-04-09 21:09:03', 1),
(137, 33, 6, '2023-04-11', 3, 0, 0, '0', '0', '2023-04-09 21:08:58', '2023-04-09 21:09:30', 1),
(138, 33, 6, '2023-04-12', 0, 3, 0, '0', '0', '2023-04-09 21:09:10', '2023-04-09 21:09:33', 1),
(139, 24, 4, '2023-04-11', 3, 0, 0, '0', '0', '2023-04-10 08:47:20', '2023-04-10 08:47:29', 1),
(140, 26, 4, '2023-04-11', 2, 0, 0, '0', '0', '2023-04-10 13:07:34', '0000-00-00 00:00:00', 1),
(141, 6, 4, '2023-04-11', 2, 0, 0, '0', '0', '2023-04-10 16:51:33', '0000-00-00 00:00:00', 1),
(142, 6, 4, '2023-04-11', 3, 0, 0, '0', '0', '2023-04-10 16:51:36', '2023-04-10 16:52:10', 1),
(143, 34, 4, '2023-04-11', 3, 0, 0, '0', '0', '2023-04-10 16:53:41', '2023-04-10 16:54:22', 1),
(144, 34, 4, '2023-04-12', 0, 3, 0, '0', '0', '2023-04-10 16:53:53', '2023-04-10 16:54:32', 1),
(145, 34, 4, '2023-04-13', 0, 3, 0, '0', '0', '2023-04-11 10:58:58', '2023-04-11 10:59:10', 1),
(146, 24, 4, '2023-04-12', 0, 3, 0, '0', '0', '2023-04-11 17:27:19', '2023-04-11 17:27:52', 1),
(147, 24, 4, '2023-04-14', 2, 0, 0, '0', '0', '2023-04-11 17:28:07', '0000-00-00 00:00:00', 1),
(148, 35, 4, '2023-04-12', 0, 2, 0, '0', '0', '2023-04-11 23:03:26', '2023-04-11 23:05:49', 1),
(149, 35, 4, '2023-04-13', 0, 2, 0, '0', '0', '2023-04-11 23:15:16', '0000-00-00 00:00:00', 1),
(150, 35, 4, '2023-04-14', 0, 2, 0, '0', '0', '2023-04-11 23:15:19', '0000-00-00 00:00:00', 1),
(151, 35, 6, '2023-04-12', 0, 3, 0, '0', '0', '2023-04-11 23:20:30', '2023-04-11 23:20:54', 1),
(152, 1, 6, '2023-04-13', 0, 2, 0, '0', '0', '2023-04-12 18:07:31', '0000-00-00 00:00:00', 1),
(153, 1, 6, '2023-04-14', 0, 3, 0, '0', '0', '2023-04-12 19:03:30', '2023-04-13 10:25:06', 1),
(154, 1, 6, '2023-04-20', 0, 4, 0, '0', '0', '2023-04-12 19:18:26', '2023-04-20 11:12:31', 1),
(155, 1, 6, '2023-04-17', 0, 4, 0, '0', '0', '2023-04-13 11:04:16', '2023-04-17 16:06:12', 1),
(156, 6, 4, '2023-04-14', 2, 0, 0, '0', '0', '2023-04-13 12:18:32', '0000-00-00 00:00:00', 1),
(157, 6, 6, '2023-04-17', 2, 0, 0, '0', '0', '2023-04-13 12:18:43', '0000-00-00 00:00:00', 1),
(158, 6, 6, '2023-04-14', 2, 0, 0, '0', '0', '2023-04-13 12:19:00', '0000-00-00 00:00:00', 1),
(159, 7, 4, '2023-04-17', 2, 0, 0, '0', '0', '2023-04-14 16:00:18', '0000-00-00 00:00:00', 1),
(160, 28, 4, '2023-04-17', 2, 0, 0, '0', '0', '2023-04-16 19:50:49', '0000-00-00 00:00:00', 1),
(161, 28, 4, '2023-04-18', 0, 2, 0, '0', '0', '2023-04-16 19:51:08', '0000-00-00 00:00:00', 1),
(162, 1, 6, '2023-04-21', 0, 2, 0, '0', '0', '2023-04-17 13:36:14', '2023-04-18 20:47:14', 1),
(163, 1, 6, '2023-04-24', 2, 0, 0, '0', '0', '2023-04-17 13:47:09', '0000-00-00 00:00:00', 1),
(164, 1, 6, '2023-04-18', 4, 0, 0, '0', '0', '2023-04-17 14:13:10', '2023-04-18 11:46:53', 0),
(165, 1, 6, '2023-04-19', 0, 3, 0, '0', '0', '2023-04-17 16:06:19', '2023-04-17 16:06:24', 1),
(166, 1, 4, '2023-04-18', 4, 0, 0, '0', '0', '2023-04-17 17:30:27', '2023-04-18 11:01:55', 1),
(167, 24, 4, '2023-04-18', 2, 0, 0, '0', '0', '2023-04-17 20:40:20', '0000-00-00 00:00:00', 1),
(168, 7, 6, '2023-04-21', 3, 0, 0, '0', '0', '2023-04-18 13:15:23', '2023-04-18 13:15:31', 1),
(169, 7, 4, '2023-04-25', 2, 0, 0, '0', '0', '2023-04-18 13:16:00', '0000-00-00 00:00:00', 1),
(170, 24, 4, '2023-04-19', 2, 0, 0, '0', '0', '2023-04-18 13:20:40', '0000-00-00 00:00:00', 1),
(171, 24, 6, '2023-04-19', 3, 0, 0, '0', '0', '2023-04-18 13:30:17', '2023-04-18 13:30:23', 1),
(172, 6, 4, '2023-04-19', 2, 0, 0, '0', '0', '2023-04-18 15:01:58', '0000-00-00 00:00:00', 1),
(173, 6, 4, '2023-04-21', 0, 4, 0, '0', '0', '2023-04-18 15:02:11', '2023-04-21 11:27:15', 1),
(174, 1, 4, '2023-04-25', 3, 0, 0, '0', '0', '2023-04-18 18:21:49', '2023-04-18 19:16:49', 1),
(175, 1, 5, '2023-04-26', 2, 0, 0, '0', '0', '2023-04-18 18:21:59', '0000-00-00 00:00:00', 1),
(176, 1, 4, '2023-04-19', 0, 2, 0, '0', '0', '2023-04-18 18:54:05', '0000-00-00 00:00:00', 1),
(177, 6, 5, '2023-04-24', 3, 0, 0, '0', '0', '2023-04-18 18:55:05', '2023-04-18 18:56:32', 1),
(178, 6, 4, '2023-04-25', 4, 0, 0, '0', '0', '2023-04-18 18:55:57', '2023-04-25 13:25:20', 1),
(179, 6, 4, '2023-04-24', 0, 2, 0, '0', '0', '2023-04-18 19:19:21', '2023-04-21 11:38:39', 1),
(180, 6, 5, '2023-04-20', 3, 0, 0, '0', '0', '2023-04-18 19:19:44', '2023-04-18 19:19:50', 1),
(181, 24, 4, '2023-04-20', 3, 0, 0, '0', '0', '2023-04-18 20:29:45', '2023-04-18 20:30:30', 1),
(182, 24, 4, '2023-04-21', 4, 0, 0, '0', '0', '2023-04-18 21:14:09', '2023-04-21 14:23:11', 1),
(183, 26, 4, '2023-04-20', 2, 0, 0, '0', '0', '2023-04-19 21:13:54', '0000-00-00 00:00:00', 1),
(184, 24, 6, '2023-04-24', 2, 0, 0, '0', '0', '2023-04-19 21:18:00', '0000-00-00 00:00:00', 1),
(185, 1, 4, '2023-04-27', 2, 0, 0, '0', '0', '2023-04-20 12:09:27', '0000-00-00 00:00:00', 1),
(186, 6, 5, '2023-04-26', 2, 0, 0, '0', '0', '2023-04-21 11:37:43', '0000-00-00 00:00:00', 1),
(187, 24, 4, '2023-04-25', 4, 0, 0, '0', '0', '2023-04-21 14:23:40', '2023-04-25 10:35:23', 1),
(188, 24, 4, '2023-04-26', 4, 0, 0, '0', '0', '2023-04-23 00:41:03', '2023-04-26 15:25:14', 1),
(189, 24, 4, '2023-04-27', 2, 0, 0, '0', '0', '2023-04-23 00:41:19', '0000-00-00 00:00:00', 1),
(190, 24, 4, '2023-04-28', 3, 0, 0, '0', '0', '2023-04-23 00:42:05', '2023-04-23 00:42:12', 1),
(191, 24, 6, '2023-04-28', 2, 0, 0, '0', '0', '2023-04-23 13:03:55', '0000-00-00 00:00:00', 1),
(192, 6, 4, '2023-04-27', 2, 0, 0, '0', '0', '2023-04-26 11:01:59', '0000-00-00 00:00:00', 1),
(193, 24, 4, '2023-05-01', 0, 3, 0, '0', '0', '2023-04-26 12:42:35', '2023-04-26 12:42:59', 1),
(196, 30, 4, '2023-05-01', 2, 0, 0, '0', '0', '2023-04-30 21:21:58', '0000-00-00 00:00:00', 1),
(197, 24, 4, '2023-05-12', 2, 0, 0, '0', '0', '2023-05-11 21:38:40', '0000-00-00 00:00:00', 1),
(198, 1, 1, '2023-05-19', 0, 0, 0, '0', '0', '2023-05-18 22:02:34', '0000-00-00 00:00:00', 1),
(199, 1, 4, '2023-05-19', 0, 0, 0, '0', '0', '2023-05-18 22:02:41', '0000-00-00 00:00:00', 1),
(200, 6, 4, '2023-05-25', 3, 0, 0, '0', '0', '2023-05-19 06:47:14', '2023-05-19 07:35:36', 1),
(201, 6, 4, '2023-05-26', 2, 0, 11, '0', '0', '2023-05-19 06:47:43', '2023-05-20 14:05:31', 1),
(202, 6, 4, '2023-05-22', 0, 2, 0, '0', '0', '2023-05-19 07:19:41', '2023-05-19 18:29:52', 1),
(203, 6, 4, '2023-05-23', 3, 0, 0, '0', '0', '2023-05-19 07:21:18', '2023-05-19 17:08:51', 1),
(204, 6, 4, '2023-05-24', 3, 0, 0, '0', '0', '2023-05-19 07:22:48', '2023-05-19 07:35:07', 1),
(205, 7, 6, '2023-05-22', 3, 0, 0, '0', '0', '2023-05-19 07:43:39', '2023-05-19 07:43:52', 1),
(206, 7, 6, '2023-05-23', 0, 2, 0, '0', '0', '2023-05-19 07:44:06', '0000-00-00 00:00:00', 1),
(207, 6, 5, '2023-05-24', 3, 0, 0, '0', '0', '2023-05-19 07:47:50', '2023-05-19 07:47:54', 1),
(208, 6, 5, '2023-05-22', 3, 0, 0, '0', '0', '2023-05-19 07:48:17', '2023-05-19 07:48:23', 1),
(209, 6, 5, '2023-05-26', 3, 0, 0, '0', '0', '2023-05-19 07:48:29', '2023-05-19 07:48:34', 1),
(210, 6, 5, '2023-05-25', 3, 0, 0, '0', '0', '2023-05-19 07:48:42', '2023-05-19 07:48:50', 1),
(211, 24, 4, '2023-05-22', 2, 0, 0, '0', '0', '2023-05-19 07:48:48', '0000-00-00 00:00:00', 1),
(212, 1, 6, '2023-05-24', 4, 0, 3, '0', '0', '2023-05-19 10:24:55', '0000-00-00 00:00:00', 1),
(213, 3, 4, '2023-05-26', 2, 0, 0, '0', '0', '2023-05-19 11:44:43', '0000-00-00 00:00:00', 1),
(214, 1, 4, '2023-05-19', 0, 0, 6, '0', '0', '2023-05-19 12:03:54', '0000-00-00 00:00:00', 1),
(215, 6, 6, '2023-05-24', 2, 0, 6, '0', '0', '2023-05-19 13:48:02', '0000-00-00 00:00:00', 1),
(216, 6, 6, '2023-05-25', 2, 0, 3, '0', '0', '2023-05-19 13:49:24', '2023-05-19 15:03:35', 1),
(217, 7, 6, '2023-05-24', 3, 0, 3, '0', '0', '2023-05-19 15:38:13', '2023-05-19 15:38:59', 1),
(218, 1, 4, '2023-05-23', 0, 2, 6, '0', '0', '2023-05-19 15:43:58', '0000-00-00 00:00:00', 1),
(219, 1, 4, '2023-05-25', 3, 0, 2, '0', '0', '2023-05-19 15:44:52', '2023-05-19 15:44:57', 1),
(220, 24, 4, '2023-05-23', 3, 0, 2, '0', '0', '2023-05-19 17:01:49', '2023-05-19 17:01:56', 1),
(221, 24, 4, '2023-05-24', 2, 0, 3, '0', '0', '2023-05-19 17:33:06', '0000-00-00 00:00:00', 1),
(222, 26, 4, '2023-05-22', 2, 0, 0, '0', '0', '2023-05-19 18:12:55', '0000-00-00 00:00:00', 1),
(223, 30, 4, '2023-05-22', 3, 0, 0, '0', '0', '2023-05-19 18:17:52', '2023-05-19 18:17:59', 1),
(224, 26, 4, '2023-05-23', 2, 0, 7, '0', '0', '2023-05-19 19:42:11', '0000-00-00 00:00:00', 1),
(225, 24, 4, '2023-05-25', 2, 0, 7, '0', '0', '2023-05-19 19:49:34', '0000-00-00 00:00:00', 1),
(226, 24, 4, '2023-05-26', 3, 0, 8, '0', '0', '2023-05-19 20:09:55', '2023-05-19 20:10:05', 1),
(227, 24, 6, '2023-05-23', 2, 0, 9, '0', '0', '2023-05-19 20:10:30', '0000-00-00 00:00:00', 1),
(228, 26, 4, '2023-05-24', 3, 0, 8, '0', '0', '2023-05-20 02:35:04', '2023-05-20 02:35:13', 1),
(229, 26, 4, '2023-05-25', 3, 0, 11, '0', '0', '2023-05-20 14:01:25', '2023-05-20 14:04:39', 1),
(230, 24, 6, '2023-05-26', 2, 0, 7, '0', '0', '2023-05-20 19:54:18', '0000-00-00 00:00:00', 1),
(231, 6, 5, '2023-05-23', 2, 0, 0, '0', '0', '2023-05-20 20:12:57', '0000-00-00 00:00:00', 1),
(232, 24, 4, '2023-05-29', 2, 0, 7, '0', '0', '2023-05-22 16:25:10', '0000-00-00 00:00:00', 1),
(233, 31, 4, '2023-05-23', 3, 0, 10, '0', '0', '2023-05-22 20:00:04', '2023-05-22 20:00:09', 1),
(234, 31, 6, '2023-05-26', 3, 0, 9, '0', '0', '2023-05-22 20:55:51', '2023-05-22 20:55:57', 1),
(235, 32, 4, '2023-05-24', 0, 3, 12, '0', '0', '2023-05-23 22:53:24', '2023-05-23 22:58:30', 1),
(236, 24, 5, '2023-05-30', 2, 0, 7, '0', '0', '2023-05-23 23:00:20', '0000-00-00 00:00:00', 1),
(237, 6, 4, '2023-05-29', 2, 0, 7, '0', '0', '2023-05-24 00:58:45', '0000-00-00 00:00:00', 1),
(238, 6, 5, '2023-05-30', 2, 0, 11, '0', '0', '2023-05-24 00:59:05', '0000-00-00 00:00:00', 1),
(239, 35, 4, '2023-05-25', 2, 0, 8, '0', '0', '2023-05-24 09:25:45', '0000-00-00 00:00:00', 1),
(240, 35, 4, '2023-05-26', 2, 0, 8, '0', '0', '2023-05-24 09:31:33', '0000-00-00 00:00:00', 1),
(241, 35, 4, '2023-05-29', 2, 0, 8, '0', '0', '2023-05-24 09:31:40', '0000-00-00 00:00:00', 1),
(242, 58, 5, '2023-05-29', 2, 0, 8, '0', '0', '2023-05-26 12:42:33', '0000-00-00 00:00:00', 1),
(243, 58, 5, '2023-05-30', 2, 0, 8, '0', '0', '2023-05-26 12:42:39', '0000-00-00 00:00:00', 1),
(244, 58, 5, '2023-05-31', 2, 0, 8, '0', '0', '2023-05-26 12:42:46', '0000-00-00 00:00:00', 1),
(245, 58, 5, '2023-06-01', 2, 0, 8, '0', '0', '2023-05-26 12:42:58', '0000-00-00 00:00:00', 1),
(246, 58, 5, '2023-06-02', 2, 0, 8, '0', '0', '2023-05-26 12:43:03', '0000-00-00 00:00:00', 1),
(247, 57, 5, '2023-05-31', 2, 0, 8, '0', '0', '2023-05-26 12:43:38', '0000-00-00 00:00:00', 1),
(248, 57, 5, '2023-06-01', 2, 0, 8, '0', '0', '2023-05-26 12:43:44', '0000-00-00 00:00:00', 1),
(249, 57, 5, '2023-06-02', 2, 0, 8, '0', '0', '2023-05-26 12:43:50', '0000-00-00 00:00:00', 1),
(250, 42, 4, '2023-05-29', 2, 0, 7, '0', '0', '2023-05-26 12:57:02', '0000-00-00 00:00:00', 1),
(251, 42, 4, '2023-05-30', 0, 2, 12, '0', '0', '2023-05-26 12:57:29', '0000-00-00 00:00:00', 1),
(252, 7, 6, '2023-05-29', 2, 0, 10, '0', '0', '2023-05-26 13:22:56', '0000-00-00 00:00:00', 1),
(253, 7, 6, '2023-05-30', 3, 0, 9, '0', '0', '2023-05-26 13:23:29', '2023-05-29 12:28:19', 1),
(254, 7, 4, '2023-05-31', 3, 0, 9, '0', '0', '2023-05-26 13:23:50', '2023-05-29 12:27:47', 1),
(255, 60, 4, '2023-05-29', 2, 0, 10, '0', '0', '2023-05-26 13:27:37', '0000-00-00 00:00:00', 1),
(256, 61, 5, '2023-05-29', 2, 0, 7, '0', '0', '2023-05-26 13:33:54', '0000-00-00 00:00:00', 1),
(257, 64, 4, '2023-05-29', 3, 0, 7, '0', '0', '2023-05-26 14:27:12', '2023-05-26 14:27:27', 1),
(258, 65, 5, '2023-05-29', 2, 0, 9, '0', '0', '2023-05-26 15:09:52', '0000-00-00 00:00:00', 1),
(259, 53, 6, '2023-05-29', 2, 0, 7, '0', '0', '2023-05-26 16:20:10', '0000-00-00 00:00:00', 1),
(260, 59, 4, '2023-05-29', 2, 0, 9, '0', '0', '2023-05-27 09:04:50', '0000-00-00 00:00:00', 1),
(261, 59, 4, '2023-05-30', 2, 0, 9, '0', '0', '2023-05-27 09:05:02', '0000-00-00 00:00:00', 1),
(262, 59, 4, '2023-05-31', 2, 0, 9, '0', '0', '2023-05-27 09:05:10', '0000-00-00 00:00:00', 1),
(263, 59, 4, '2023-06-01', 2, 0, 9, '0', '0', '2023-05-27 09:05:15', '0000-00-00 00:00:00', 1),
(264, 59, 4, '2023-06-02', 2, 0, 9, '0', '0', '2023-05-27 09:05:21', '0000-00-00 00:00:00', 1),
(265, 24, 4, '2023-06-02', 0, 2, 12, '0', '0', '2023-05-27 11:31:19', '0000-00-00 00:00:00', 1),
(266, 54, 6, '2023-05-29', 2, 0, 11, '0', '0', '2023-05-27 13:05:58', '0000-00-00 00:00:00', 1),
(267, 54, 5, '2023-05-30', 0, 2, 12, '0', '0', '2023-05-27 13:07:07', '0000-00-00 00:00:00', 1),
(268, 63, 5, '2023-05-29', 2, 0, 8, '0', '0', '2023-05-27 22:23:46', '0000-00-00 00:00:00', 1),
(269, 63, 5, '2023-05-30', 2, 0, 8, '0', '0', '2023-05-27 22:23:52', '0000-00-00 00:00:00', 1),
(270, 63, 5, '2023-05-31', 2, 0, 8, '0', '0', '2023-05-27 22:23:56', '0000-00-00 00:00:00', 1),
(271, 63, 5, '2023-06-01', 2, 0, 8, '0', '0', '2023-05-27 22:24:04', '0000-00-00 00:00:00', 1),
(272, 24, 4, '2023-06-05', 2, 0, 9, '0', '0', '2023-05-29 05:01:02', '0000-00-00 00:00:00', 1),
(273, 7, 4, '2023-06-23', 3, 0, 9, '0', '0', '2023-05-29 11:56:17', '2023-05-29 12:27:43', 1),
(274, 34, 4, '2023-06-01', 3, 0, 7, '0', '0', '2023-05-29 12:04:29', '2023-05-29 12:04:40', 1),
(275, 34, 4, '2023-06-23', 3, 0, 8, '0', '0', '2023-05-29 12:05:22', '2023-05-29 12:05:26', 1),
(276, 34, 5, '2023-06-23', 2, 0, 8, '0', '0', '2023-05-29 12:06:18', '0000-00-00 00:00:00', 1),
(277, 18, 4, '2023-06-23', 2, 0, 9, '0', '0', '2023-05-29 12:09:45', '0000-00-00 00:00:00', 1),
(278, 34, 4, '2023-06-26', 3, 0, 7, '0', '0', '2023-05-29 12:11:55', '2023-05-29 12:24:58', 1),
(279, 6, 6, '2023-06-01', 3, 0, 10, '0', '0', '2023-05-29 12:15:16', '2023-05-29 12:15:22', 1),
(280, 6, 6, '2023-06-05', 3, 0, 7, '0', '0', '2023-05-29 12:17:52', '2023-05-29 12:17:59', 1),
(281, 6, 4, '2023-05-31', 3, 0, 7, '0', '0', '2023-05-29 12:18:15', '2023-05-29 12:18:19', 1),
(282, 6, 4, '2023-06-22', 3, 0, 7, '0', '0', '2023-05-29 12:18:37', '2023-05-29 12:18:47', 1),
(283, 6, 5, '2023-06-01', 3, 0, 7, '0', '0', '2023-05-29 12:18:58', '2023-05-29 12:19:01', 1),
(284, 7, 4, '2023-06-01', 3, 0, 10, '0', '0', '2023-05-29 12:22:26', '2023-05-29 12:22:29', 1),
(285, 34, 4, '2023-06-27', 3, 0, 8, '0', '0', '2023-05-29 12:24:27', '2023-05-29 12:24:38', 1),
(286, 34, 4, '2023-06-28', 3, 0, 7, '0', '0', '2023-05-29 12:24:48', '2023-05-29 12:24:52', 1),
(287, 34, 4, '2023-06-22', 3, 0, 7, '0', '0', '2023-05-29 12:25:05', '2023-05-29 12:28:35', 1),
(288, 34, 4, '2023-06-21', 3, 0, 8, '0', '0', '2023-05-29 12:25:31', '2023-05-29 12:26:32', 1),
(289, 34, 4, '2023-06-20', 3, 0, 8, '0', '0', '2023-05-29 12:26:14', '2023-05-29 12:26:21', 1),
(290, 11, 4, '2023-06-02', 3, 0, 7, '0', '0', '2023-05-29 12:26:41', '2023-05-29 12:26:45', 1),
(291, 7, 4, '2023-06-05', 3, 0, 9, '0', '0', '2023-05-29 12:27:33', '2023-05-29 12:27:36', 1),
(292, 7, 5, '2023-06-01', 3, 0, 11, '0', '0', '2023-05-29 12:27:57', '2023-05-29 12:28:00', 1),
(293, 7, 6, '2023-06-02', 3, 0, 9, '0', '0', '2023-05-29 12:28:13', '2023-05-29 12:28:16', 1),
(294, 7, 6, '2023-06-07', 3, 0, 11, '0', '0', '2023-05-29 12:28:26', '2023-05-29 12:28:29', 1),
(295, 7, 4, '2023-06-19', 3, 0, 10, '0', '0', '2023-05-29 12:29:19', '2023-05-29 12:29:26', 1),
(296, 34, 6, '2023-05-30', 2, 0, 7, '0', '0', '2023-05-29 12:33:13', '0000-00-00 00:00:00', 1),
(297, 62, 5, '2023-05-30', 2, 0, 8, '62', '0', '2023-05-29 13:03:24', '0000-00-00 00:00:00', 1),
(298, 68, 5, '2023-05-30', 2, 0, 8, '68', '0', '2023-05-29 13:04:51', '0000-00-00 00:00:00', 1),
(299, 49, 5, '2023-05-30', 2, 0, 9, '49', '0', '2023-05-29 13:05:25', '0000-00-00 00:00:00', 1),
(300, 1, 4, '2023-05-29', 2, 0, 9, '', '', '0000-00-00 00:00:00', '2023-05-29 13:43:43', 1),
(301, 1, 6, '2023-05-29', 2, 0, 12, '1_superadmin', '', '2023-05-29 13:38:29', '2023-05-29 15:57:12', 1),
(302, 34, 4, '2023-06-19', 0, 2, 12, '34_user', '34_user', '2023-05-29 15:55:37', '2023-05-29 15:56:49', 1),
(307, 1, 5, '2023-05-29', 2, 0, 9, '1_superadmin', '', '2023-05-29 17:48:47', '0000-00-00 00:00:00', 1),
(303, 34, 6, '2023-06-16', 2, 0, 8, '34_user', '0', '2023-05-29 15:57:41', '0000-00-00 00:00:00', 1),
(304, 34, 4, '2023-06-15', 2, 0, 8, '34_user', '0', '2023-05-29 15:58:41', '0000-00-00 00:00:00', 1),
(305, 1, 4, '2023-05-29', 2, 0, 11, '1_superadmin', '1_superadmin', '2023-05-29 15:59:36', '2023-05-29 16:55:04', 1),
(306, 34, 4, '2023-06-14', 2, 0, 7, '34_user', '0', '2023-05-29 16:26:01', '0000-00-00 00:00:00', 1),
(308, 24, 4, '2023-05-31', 2, 0, 8, '24_user', '', '2023-05-29 21:03:34', '0000-00-00 00:00:00', 1),
(309, 61, 5, '2023-05-31', 2, 0, 7, '61_user', '', '2023-05-30 12:41:34', '0000-00-00 00:00:00', 1),
(310, 69, 5, '2023-05-31', 2, 0, 8, '69_user', '', '2023-05-30 12:46:42', '0000-00-00 00:00:00', 1),
(311, 68, 5, '2023-05-31', 2, 0, 8, '68_user', '', '2023-05-30 13:04:56', '0000-00-00 00:00:00', 1),
(312, 62, 5, '2023-05-31', 2, 0, 8, '62_user', '', '2023-05-30 13:05:14', '0000-00-00 00:00:00', 1),
(313, 1, 6, '2023-05-31', 2, 0, 10, '1_user', '', '2023-05-30 14:22:16', '0000-00-00 00:00:00', 1),
(314, 34, 6, '2023-06-29', 3, 0, 10, '34_user', '34_user', '2023-05-30 14:38:12', '2023-05-30 14:38:52', 1),
(315, 34, 5, '2023-06-29', 3, 0, 9, '34_user', '34_user', '2023-05-30 20:46:36', '2023-05-30 20:46:47', 1),
(316, 24, 4, '2023-05-31', 2, 0, 7, '2_admin', '', '2023-05-31 08:24:19', '0000-00-00 00:00:00', 1),
(317, 21, 4, '2023-05-31', 2, 0, 7, '2_admin', '', '2023-05-31 08:24:19', '0000-00-00 00:00:00', 1),
(318, 8, 4, '2023-05-31', 2, 0, 7, '2_admin', '', '2023-05-31 08:24:19', '0000-00-00 00:00:00', 1),
(319, 13, 4, '2023-05-31', 2, 0, 7, '2_admin', '', '2023-05-31 08:24:19', '0000-00-00 00:00:00', 1),
(320, 63, 5, '2023-06-05', 2, 0, 9, '63_user', '', '2023-05-31 10:14:47', '0000-00-00 00:00:00', 1),
(321, 63, 5, '2023-06-06', 2, 0, 9, '63_user', '', '2023-05-31 10:14:51', '0000-00-00 00:00:00', 1),
(322, 63, 5, '2023-06-07', 2, 0, 9, '63_user', '', '2023-05-31 10:14:58', '0000-00-00 00:00:00', 1),
(323, 63, 5, '2023-06-08', 2, 0, 9, '63_user', '', '2023-05-31 10:15:02', '0000-00-00 00:00:00', 1),
(324, 63, 5, '2023-06-09', 2, 0, 9, '63_user', '', '2023-05-31 10:15:06', '0000-00-00 00:00:00', 1),
(325, 40, 6, '2023-06-01', 2, 0, 10, '40_user', '', '2023-05-31 11:39:55', '0000-00-00 00:00:00', 1),
(326, 24, 4, '2023-06-01', 2, 0, 7, '24_user', '', '2023-05-31 12:49:41', '0000-00-00 00:00:00', 1),
(327, 62, 5, '2023-06-01', 2, 0, 8, '62_user', '', '2023-05-31 13:11:15', '0000-00-00 00:00:00', 1),
(328, 68, 5, '2023-06-01', 2, 0, 8, '68_user', '', '2023-05-31 13:12:56', '0000-00-00 00:00:00', 1),
(329, 1, 4, '2023-06-01', 2, 0, 7, '1_user', '1_user', '2023-05-31 17:26:02', '2023-05-31 23:04:25', 1),
(330, 1, 4, '2023-06-02', 0, 2, 12, '1_user', '', '2023-05-31 17:26:15', '0000-00-00 00:00:00', 1),
(331, 1, 6, '2023-06-05', 2, 0, 8, '1_user', '', '2023-05-31 22:25:50', '0000-00-00 00:00:00', 1),
(332, 1, 6, '2023-06-06', 2, 0, 7, '1_superadmin', '', '2023-05-31 22:20:01', '0000-00-00 00:00:00', 1),
(333, 1, 6, '2023-06-30', 2, 0, 10, '1_user', '', '2023-06-01 11:23:18', '0000-00-00 00:00:00', 1),
(334, 9, 4, '2023-06-09', 2, 0, 8, '9_user', '', '2023-06-01 11:55:54', '0000-00-00 00:00:00', 1),
(335, 62, 5, '2023-06-05', 2, 0, 8, '62_user', '', '2023-06-01 12:29:33', '0000-00-00 00:00:00', 1),
(336, 12, 4, '2023-06-01', 2, 0, 7, '3_manager', '', '2023-06-01 16:01:31', '0000-00-00 00:00:00', 1),
(337, 26, 4, '2023-06-01', 2, 0, 7, '3_manager', '', '2023-06-01 16:01:31', '0000-00-00 00:00:00', 1),
(338, 26, 4, '2023-06-05', 0, 3, 12, '26_user', '26_user', '2023-06-01 16:03:20', '2023-06-01 16:03:28', 1),
(339, 12, 5, '2023-06-01', 2, 0, 7, '3_manager', '', '2023-06-01 16:01:31', '0000-00-00 00:00:00', 1),
(340, 26, 5, '2023-06-01', 2, 0, 7, '3_manager', '', '2023-06-01 16:01:31', '0000-00-00 00:00:00', 1);

-- --------------------------------------------------------

--
-- Table structure for table `branches`
--

CREATE TABLE `branches` (
  `id` int(11) NOT NULL,
  `location` varchar(255) NOT NULL,
  `longitude` varchar(100) NOT NULL,
  `latitude` varchar(100) NOT NULL,
  `lunch` tinyint(1) NOT NULL DEFAULT 0,
  `lunch_slots` varchar(255) DEFAULT NULL,
  `dinner` tinyint(1) NOT NULL DEFAULT 0,
  `dinner_slots` varchar(255) DEFAULT NULL,
  `radius` int(2) NOT NULL COMMENT 'in km',
  `status` tinyint(1) NOT NULL DEFAULT 1
) ENGINE=MyISAM DEFAULT CHARSET=latin1 COLLATE=latin1_swedish_ci;

--
-- Dumping data for table `branches`
--

INSERT INTO `branches` (`id`, `location`, `longitude`, `latitude`, `lunch`, `lunch_slots`, `dinner`, `dinner_slots`, `radius`, `status`) VALUES
(4, 'Raheja Mindspace', '18254.765', '5476.7654', 1, '7,8,9,10,11', 1, '12', 10, 1),
(5, 'Uppal NSL', '5477.655', '56646.8644', 1, '7,8,9,10,11', 1, '12', 25, 1),
(6, 'Gar kokapet', '54753.7568', '53566.8754', 1, '7,8,9,10,11', 1, NULL, 15, 1);

-- --------------------------------------------------------

--
-- Table structure for table `change_type`
--

CREATE TABLE `change_type` (
  `ctid` int(11) NOT NULL,
  `tid` int(11) NOT NULL,
  `colname` varchar(255) NOT NULL,
  `changetype` longtext NOT NULL
) ENGINE=InnoDB DEFAULT CHARSET=latin1 COLLATE=latin1_swedish_ci;

--
-- Dumping data for table `change_type`
--

INSERT INTO `change_type` (`ctid`, `tid`, `colname`, `changetype`) VALUES
(1, 2, 'c_designation', '{\"col_name\":\"c_designation\",\"type\":\"relation\",\"tablename\":\"committee_roles\",\"valuename\":\"sno\",\"displayname\":\"role\",\"typename\":\"status\",\"typevalue\":\"1\"}'),
(2, 2, 'clg_designation', '{\"col_name\":\"clg_designation\",\"type\":\"relation\",\"tablename\":\"faculty_roles\",\"valuename\":\"sno\",\"displayname\":\"role\",\"typename\":\"status\",\"typevalue\":\"1\"}'),
(3, 3, 'department', '{\"col_name\":\"department\",\"type\":\"relation\",\"tablename\":\"departments\",\"valuename\":\"sno\",\"displayname\":\"d_name\",\"typename\":\"status\",\"typevalue\":\"1\"}'),
(4, 3, 'designation', '{\"col_name\":\"designation\",\"type\":\"relation\",\"tablename\":\"faculty_roles\",\"valuename\":\"sno\",\"displayname\":\"role\",\"typename\":\"status\",\"typevalue\":\"1\"}'),
(5, 3, 'photo', '{\"col_name\":\"photo\",\"type\":\"image\",\"any\":\"\",\"width\":\"200\",\"height\":\"350\",\"crop\":\"manual_crop\"}'),
(23, 18, 'logo', '{\"col_name\":\"logo\",\"type\":\"image\",\"any\":\"\",\"width\":\"350\",\"height\":\"200\",\"crop\":\"manual_crop\"}'),
(24, 20, 'file', '{\"col_name\":\"file\",\"type\":\"file\",\"any\":\"\",\"frename\":\"not_rename\"}'),
(25, 19, 't_image', '{\"col_name\":\"t_image\",\"type\":\"image\",\"any\":\"\",\"width\":\"120\",\"height\":\"120\",\"crop\":\"ratio_crop\"}'),
(27, 21, 'logo', '{\"col_name\":\"logo\",\"type\":\"image\",\"any\":\"\",\"width\":\"380\",\"height\":\"100\",\"crop\":\"manual_crop\"}'),
(28, 22, 'image1', '{\"col_name\":\"image1\",\"type\":\"image\",\"any\":\"\",\"width\":\"1200\",\"height\":\"800\",\"crop\":\"ratio_crop\"}'),
(29, 22, 'image2', '{\"col_name\":\"image2\",\"type\":\"image\",\"any\":\"\",\"width\":\"1200\",\"height\":\"800\",\"crop\":\"ratio_crop\"}'),
(30, 22, 'image3', '{\"col_name\":\"image3\",\"type\":\"image\",\"any\":\"\",\"width\":\"1200\",\"height\":\"800\",\"crop\":\"ratio_crop\"}'),
(34, 2, 'department', '{\"col_name\":\"department\",\"type\":\"relation\",\"tablename\":\"departments\",\"valuename\":\"sno\",\"displayname\":\"d_name\",\"typename\":\"status\",\"typevalue\":\"1\"}'),
(35, 19, 'company', '{\"col_name\":\"company\",\"type\":\"relation\",\"tablename\":\"companies\",\"valuename\":\"sno\",\"displayname\":\"company_name\",\"typename\":\"status\",\"typevalue\":\"1\"}'),
(36, 1, 'designation', '{\"col_name\":\"designation\",\"type\":\"none\"}'),
(37, 1, 'signature', '{\"col_name\":\"signature\",\"type\":\"relation\",\"tablename\":\"committee_roles\",\"valuename\":\"sno\",\"displayname\":\"role\",\"typename\":\"status\",\"typevalue\":\"1\"}'),
(38, 1, 'photo', '{\"col_name\":\"photo\",\"type\":\"image\",\"any\":\"\",\"width\":\"220\",\"height\":\"220\",\"crop\":\"ratio_crop\"}'),
(47, 27, 'image1', '{\"col_name\":\"image1\",\"type\":\"image\",\"any\":\"\",\"width\":\"370\",\"height\":\"370\",\"crop\":\"manual_crop\"}'),
(48, 27, 'pdf', '{\"col_name\":\"pdf\",\"type\":\"file\",\"any\":\"\",\"frename\":\"not_rename\"}'),
(49, 28, 'pimage', '{\"col_name\":\"pimage\",\"type\":\"image\",\"any\":\"\",\"width\":\"1920\",\"height\":\"1080\",\"crop\":\"manual_crop\"}'),
(50, 28, 'year', '{\"col_name\":\"year\",\"type\":\"datetime\",\"dtype\":\"date\",\"d_any\":\"\"}'),
(51, 28, 'company_name', '{\"col_name\":\"company_name\",\"type\":\"relation\",\"tablename\":\"companies\",\"valuename\":\"sno\",\"displayname\":\"company_name\",\"typename\":\"status\",\"typevalue\":\"1\"}'),
(52, 28, 'company', '{\"col_name\":\"company\",\"type\":\"relation\",\"tablename\":\"companies\",\"valuename\":\"sno\",\"displayname\":\"company_name\",\"typename\":\"status\",\"typevalue\":\"1\"}'),
(53, 29, 'topic_n_info', '{\"col_name\":\"topic_n_info\",\"type\":\"none\"}'),
(54, 29, 'topic_file', '{\"col_name\":\"topic_file\",\"type\":\"file\",\"any\":\"\",\"frename\":\"not_rename\"}'),
(55, 29, 'topic_parent', '{\"col_name\":\"topic_parent\",\"type\":\"relation_depend\",\"tablename\":\"naac\",\"valuename\":\"sno\",\"displayname\":\"topic\",\"typename\":\"status\",\"typevalue\":\"1\",\"dependvaluename\":\"type\",\"dependcolname\":\"type\"}'),
(56, 30, 'department_name', '{\"col_name\":\"department_name\",\"type\":\"relation\",\"tablename\":\"departments\",\"valuename\":\"sno\",\"displayname\":\"d_name\",\"typename\":\"status\",\"typevalue\":\"1\"}'),
(57, 30, 'hod', '{\"col_name\":\"hod\",\"type\":\"relation\",\"tablename\":\"faculty\",\"valuename\":\"sno\",\"displayname\":\"name\",\"typename\":\"status\",\"typevalue\":\"1\"}'),
(58, 30, 'hod_profile', '{\"col_name\":\"hod_profile\",\"type\":\"file\",\"any\":\"\",\"frename\":\"not_rename\"}'),
(59, 30, 'image1', '{\"col_name\":\"image1\",\"type\":\"image\",\"any\":\"\",\"width\":\"500\",\"height\":\"500\",\"crop\":\"ratio_crop\"}'),
(60, 30, 'image2', '{\"col_name\":\"image2\",\"type\":\"image\",\"any\":\"\",\"width\":\"500\",\"height\":\"500\",\"crop\":\"ratio_crop\"}'),
(61, 33, 'user_id', '{\"col_name\":\"user_id\",\"type\":\"relation\",\"tablename\":\"app_users\",\"valuename\":\"user_id\",\"displayname\":\"name\",\"typename\":\"login_status\",\"typevalue\":\"1\"}'),
(62, 33, 'branch_id', '{\"col_name\":\"branch_id\",\"type\":\"none\"}'),
(63, 34, 'user_id', '{\"col_name\":\"user_id\",\"type\":\"relation\",\"tablename\":\"app_users\",\"valuename\":\"user_id\",\"displayname\":\"name\",\"typename\":\"login_status\",\"typevalue\":\"1\"}'),
(64, 32, 'lunch_slots', '{\"col_name\":\"lunch_slots\",\"type\":\"none\"}'),
(65, 32, 'dinner_slots', '{\"col_name\":\"dinner_slots\",\"type\":\"none\"}');

-- --------------------------------------------------------

--
-- Stand-in structure for view `confirmed`
-- (See below for the actual view)
--
CREATE TABLE `confirmed` (
`user_id` int(11)
,`branch_id` int(11)
,`booking_date` date
,`lunch_status` tinyint(1)
,`dinner_status` tinyint(1)
,`slot` int(11)
);

-- --------------------------------------------------------

--
-- Table structure for table `create_table`
--

CREATE TABLE `create_table` (
  `cid` int(11) NOT NULL,
  `cttitle` varchar(255) NOT NULL,
  `table_name` varchar(255) NOT NULL,
  `table_type` enum('cms','custom') NOT NULL,
  `icon` varchar(255) NOT NULL,
  `bg_color` varchar(50) NOT NULL,
  `permissions` text NOT NULL,
  `rename_column` longtext NOT NULL,
  `pattern` longtext NOT NULL,
  `required_fields` longtext NOT NULL,
  `hidden` longtext NOT NULL,
  `order_by` varchar(255) NOT NULL,
  `menu_order` int(11) NOT NULL
) ENGINE=InnoDB DEFAULT CHARSET=latin1 COLLATE=latin1_swedish_ci;

--
-- Dumping data for table `create_table`
--

INSERT INTO `create_table` (`cid`, `cttitle`, `table_name`, `table_type`, `icon`, `bg_color`, `permissions`, `rename_column`, `pattern`, `required_fields`, `hidden`, `order_by`, `menu_order`) VALUES
(31, 'Users', 'app_users', 'cms', 'fas fa-users', '', '{\"count\":null,\"count_menu\":null,\"display\":\"show\",\"title\":\"inactive\",\"add\":\"inactive\",\"edit\":\"active\",\"view\":\"active\",\"remove\":\"inactive\",\"csv\":\"inactive\",\"print\":\"inactive\",\"search\":\"active\",\"numbers\":\"active\",\"pagination\":\"active\",\"limitlist\":\"active\",\"sortable\":\"active\",\"list\":null}', '{\"user_id\":\"User_id\",\"name\":\"Name\",\"email\":\"Email\",\"password\":\"Password\",\"mobile\":\"Mobile\",\"employee_id\":\"Employee Id\",\"email_verify\":\"Email Verify\",\"gcm_registration_id\":\"Gcm_registration_id\",\"imei\":\"Imei\",\"forgot_key\":\"Forgot Key\",\"login_status\":\"Status\",\"created_at\":\"Created Date\",\"modified_at\":\"Modified Date\"}', '{\"user_id\":\"\",\"name\":\"\",\"email\":\"email\",\"password\":\"\",\"mobile\":\"numeric\",\"employee_id\":\"\",\"email_verify\":\"\",\"gcm_registration_id\":\"\",\"imei\":\"\",\"forgot_key\":\"\",\"login_status\":\"\",\"created_at\":\"\",\"modified_at\":\"\"}', '{\"user_id\":\"required\",\"name\":\"required\",\"email\":\"required\",\"password\":\"not_required\",\"mobile\":\"required\",\"employee_id\":\"required\",\"email_verify\":\"required\",\"gcm_registration_id\":\"not_required\",\"imei\":\"not_required\",\"forgot_key\":\"not_required\",\"login_status\":\"required\",\"created_at\":\"not_required\",\"modified_at\":\"not_required\"}', '{\"user_id\":\"show\",\"name\":\"show\",\"email\":\"show\",\"password\":\"hidden\",\"mobile\":\"show\",\"employee_id\":\"show\",\"email_verify\":\"show\",\"gcm_registration_id\":\"hidden\",\"imei\":\"hidden\",\"forgot_key\":\"hidden\",\"login_status\":\"show\",\"created_at\":\"show\",\"modified_at\":\"hidden\"}', '{\"user_id\":\"desc\"}', 0),
(32, 'Branches', 'branches', 'cms', 'fas fa-building', '', '{\"count\":null,\"count_menu\":null,\"display\":\"show\",\"title\":\"inactive\",\"add\":\"active\",\"edit\":\"active\",\"view\":\"active\",\"remove\":\"active\",\"csv\":\"inactive\",\"print\":\"inactive\",\"search\":\"active\",\"numbers\":\"active\",\"pagination\":\"active\",\"limitlist\":\"active\",\"sortable\":\"active\",\"list\":null}', '{\"id\":\"Id\",\"location\":\"Location\",\"longitude\":\"Longitude\",\"latitude\":\"Latitude\",\"lunch\":\"Lunch\",\"lunch_slots\":\"Lunch Slots\",\"dinner\":\"Dinner\",\"dinner_slots\":\"Dinner Slots\",\"radius\":\"Radius(in KM)\",\"status\":\"Status\"}', '{\"id\":\"\",\"location\":\"\",\"longitude\":\"numeric\",\"latitude\":\"numeric\",\"lunch\":\"\",\"lunch_slots\":\"\",\"dinner\":\"\",\"dinner_slots\":\"\",\"radius\":\"integer\",\"status\":\"\"}', '{\"id\":\"required\",\"location\":\"required\",\"longitude\":\"required\",\"latitude\":\"required\",\"lunch\":\"required\",\"lunch_slots\":\"not_required\",\"dinner\":\"required\",\"dinner_slots\":\"not_required\",\"radius\":\"required\",\"status\":\"required\"}', '{\"id\":\"show\",\"location\":\"show\",\"longitude\":\"show\",\"latitude\":\"show\",\"lunch\":\"show\",\"lunch_slots\":\"show\",\"dinner\":\"show\",\"dinner_slots\":\"show\",\"radius\":\"show\",\"status\":\"show\"}', '{\"id\":\"desc\"}', 0),
(33, 'Bookings', 'bookings', 'cms', 'fas fa-file-alt', '', '{\"count\":null,\"count_menu\":null,\"display\":\"show\",\"title\":\"inactive\",\"add\":\"active\",\"edit\":\"active\",\"view\":\"active\",\"remove\":\"active\",\"csv\":\"inactive\",\"print\":\"inactive\",\"search\":\"active\",\"numbers\":\"active\",\"pagination\":\"active\",\"limitlist\":\"active\",\"sortable\":\"active\",\"list\":null}', '{\"id\":\"Id\",\"user_id\":\"User\",\"branch_id\":\"Branch\",\"booking_date\":\"Booking Date\",\"lunch_status\":\"Lunch Status\",\"dinner_status\":\"Dinner Status\",\"slot\":\"Slot\",\"booked_by\":\"Booked By\",\"updated_by\":\"Updated By\",\"created_at\":\"Created Date\",\"modified_at\":\"Modified Date\",\"status\":\"Status\"}', '{\"id\":\"\",\"user_id\":\"\",\"branch_id\":\"\",\"booking_date\":\"\",\"lunch_status\":\"\",\"dinner_status\":\"\",\"slot\":\"\",\"booked_by\":\"\",\"updated_by\":\"\",\"created_at\":\"\",\"modified_at\":\"\",\"status\":\"\"}', '{\"id\":\"required\",\"user_id\":\"required\",\"branch_id\":\"required\",\"booking_date\":\"required\",\"lunch_status\":\"required\",\"dinner_status\":\"required\",\"slot\":\"required\",\"booked_by\":\"required\",\"updated_by\":\"required\",\"created_at\":\"required\",\"modified_at\":\"required\",\"status\":\"required\"}', '{\"id\":\"show\",\"user_id\":\"show\",\"branch_id\":\"show\",\"booking_date\":\"show\",\"lunch_status\":\"show\",\"dinner_status\":\"show\",\"slot\":\"show\",\"booked_by\":\"show\",\"updated_by\":\"show\",\"created_at\":\"show\",\"modified_at\":\"show\",\"status\":\"show\"}', '{\"id\":\"desc\"}', 0),
(34, 'Confirmed', 'confirmed', 'cms', 'fa fa-calendar-check-o', '', '{\"count\":null,\"count_menu\":null,\"display\":\"show\",\"title\":\"inactive\",\"add\":\"inactive\",\"edit\":\"inactive\",\"view\":\"inactive\",\"remove\":\"inactive\",\"csv\":\"inactive\",\"print\":\"inactive\",\"search\":\"active\",\"numbers\":\"active\",\"pagination\":\"active\",\"limitlist\":\"active\",\"sortable\":\"active\",\"list\":null}', '{\"user_id\":\"User\",\"branch_id\":\"Branch\",\"booking_date\":\"Booking Date\",\"lunch_status\":\"Lunch Status\",\"dinner_status\":\"Dinner Status\"}', '{\"user_id\":\"\",\"branch_id\":\"\",\"booking_date\":\"\",\"lunch_status\":\"\",\"dinner_status\":\"\"}', '{\"user_id\":\"required\",\"branch_id\":\"required\",\"booking_date\":\"required\",\"lunch_status\":\"required\",\"dinner_status\":\"required\"}', '{\"user_id\":\"show\",\"branch_id\":\"show\",\"booking_date\":\"show\",\"lunch_status\":\"show\",\"dinner_status\":\"show\"}', '{\"user_id\":\"desc\"}', 0),
(35, 'Slots', 'slots', 'cms', 'fas fa-tachometer-alt', '', '{\"count\":null,\"count_menu\":null,\"display\":null,\"title\":\"inactive\",\"add\":\"active\",\"edit\":\"active\",\"view\":\"active\",\"remove\":\"active\",\"csv\":\"inactive\",\"print\":\"inactive\",\"search\":\"active\",\"numbers\":\"active\",\"pagination\":\"active\",\"limitlist\":\"active\",\"sortable\":\"active\",\"list\":null}', '{\"id\":\"Id\",\"slot_name\":\"Slot Name\",\"type\":\"Type\",\"from_time\":\"From Time\",\"to_time\":\"To Tme\",\"count\":\"Count\",\"created_at\":\"Created_at\",\"modified_at\":\"Modified_at\",\"status\":\"Status\"}', '{\"id\":\"\",\"slot_name\":\"\",\"type\":\"\",\"from_time\":\"\",\"to_time\":\"\",\"count\":\"numeric\",\"created_at\":\"\",\"modified_at\":\"\",\"status\":\"\"}', '{\"id\":\"required\",\"slot_name\":\"required\",\"type\":\"required\",\"from_time\":\"required\",\"to_time\":\"required\",\"count\":\"required\",\"created_at\":\"not_required\",\"modified_at\":\"not_required\",\"status\":\"required\"}', '{\"id\":\"show\",\"slot_name\":\"show\",\"type\":\"show\",\"from_time\":\"show\",\"to_time\":\"show\",\"count\":\"show\",\"created_at\":\"hidden\",\"modified_at\":\"hidden\",\"status\":\"show\"}', '{\"id\":\"desc\"}', 0);

-- --------------------------------------------------------

--
-- Table structure for table `css`
--

CREATE TABLE `css` (
  `c_links` longtext NOT NULL,
  `css` longtext NOT NULL
) ENGINE=InnoDB DEFAULT CHARSET=latin1 COLLATE=latin1_swedish_ci;

--
-- Dumping data for table `css`
--

INSERT INTO `css` (`c_links`, `css`) VALUES
('', '@media print {\r\n   #print {\r\n       display:none;\r\n   }\r\n}\r\n.bootstrap-datetimepicker-widget{\r\n    z-index: 2048 !important;\r\n}\r\n.textarea{\r\n    height: 125px !important;\r\n}');

-- --------------------------------------------------------

--
-- Table structure for table `emailsetting`
--

CREATE TABLE `emailsetting` (
  `fieldoption` varchar(100) NOT NULL,
  `value` varchar(255) NOT NULL
) ENGINE=MyISAM DEFAULT CHARSET=latin1 COLLATE=latin1_swedish_ci;

--
-- Dumping data for table `emailsetting`
--

INSERT INTO `emailsetting` (`fieldoption`, `value`) VALUES
('email_engine', 'smtp'),
('smtp_server', 'smtppro.zoho.com'),
('smtp_username', 'info@vitasoft.in'),
('smtp_password', 'Vita@123$'),
('smtp_port', '465'),
('smtp_security', 'ssl');

-- --------------------------------------------------------

--
-- Table structure for table `js`
--

CREATE TABLE `js` (
  `j_links` longtext NOT NULL,
  `js` longtext NOT NULL
) ENGINE=InnoDB DEFAULT CHARSET=latin1 COLLATE=latin1_swedish_ci;

--
-- Dumping data for table `js`
--

INSERT INTO `js` (`j_links`, `js`) VALUES
('', '');

-- --------------------------------------------------------

--
-- Table structure for table `loginlog`
--

CREATE TABLE `loginlog` (
  `sno` int(11) NOT NULL,
  `ip` varchar(45) NOT NULL,
  `browser` varchar(128) NOT NULL,
  `operatingsystem` varchar(128) NOT NULL,
  `login` int(11) NOT NULL,
  `logout` int(11) NOT NULL,
  `role` varchar(20) NOT NULL,
  `user` int(11) NOT NULL
) ENGINE=MyISAM DEFAULT CHARSET=latin1 COLLATE=latin1_swedish_ci;

--
-- Dumping data for table `loginlog`
--

INSERT INTO `loginlog` (`sno`, `ip`, `browser`, `operatingsystem`, `login`, `logout`, `role`, `user`) VALUES
(1, '103.161.31.20', 'Google Chrome', 'mac', 1678177501, 0, 'superadmin', 1),
(2, '103.161.31.20', 'Google Chrome', 'mac', 1678178579, 0, 'superadmin', 1),
(3, '106.201.79.34', 'Mozilla Firefox', 'windows', 1678193005, 0, 'superadmin', 1),
(4, '106.201.79.34', 'Mozilla Firefox', 'windows', 1678197179, 0, 'superadmin', 1),
(5, '106.201.79.34', 'Mozilla Firefox', 'windows', 1678264440, 0, 'superadmin', 1),
(6, '103.175.247.6', 'Mozilla Firefox', 'windows', 1678439499, 0, 'admin', 7),
(7, '122.171.52.241', 'Mozilla Firefox', 'windows', 1678532442, 0, 'superadmin', 1),
(8, '49.37.128.201', 'Google Chrome', 'mac', 1678596267, 0, 'superadmin', 1),
(9, '103.175.247.6', 'Mozilla Firefox', 'windows', 1678693261, 0, 'admin', 7),
(10, '122.171.52.241', 'Mozilla Firefox', 'windows', 1678693540, 0, 'superadmin', 1),
(11, '103.161.31.20', 'Google Chrome', 'mac', 1678694358, 0, 'superadmin', 1),
(12, '103.175.247.6', 'Mozilla Firefox', 'windows', 1678698844, 0, 'admin', 7),
(13, '122.171.52.241', 'Mozilla Firefox', 'windows', 1678705871, 0, 'superadmin', 1),
(14, '103.175.247.6', 'Mozilla Firefox', 'windows', 1678705967, 0, 'admin', 7),
(15, '122.171.52.241', 'Mozilla Firefox', 'windows', 1678706409, 0, 'superadmin', 1),
(16, '43.241.120.52', 'Google Chrome', 'windows', 1678714069, 0, 'admin', 4),
(17, '103.175.247.6', 'Mozilla Firefox', 'windows', 1678767438, 0, 'admin', 7),
(18, '103.175.247.6', 'Google Chrome', 'windows', 1678769396, 0, 'admin', 7),
(19, '223.238.36.149', 'Google Chrome', 'windows', 1678772420, 0, 'admin', 7),
(20, '103.161.31.20', 'Google Chrome', 'mac', 1678776019, 0, 'superadmin', 1),
(21, '103.161.31.20', 'Google Chrome', 'mac', 1678858266, 0, 'superadmin', 1),
(22, '103.161.31.20', 'Google Chrome', 'mac', 1678868163, 0, 'superadmin', 1),
(23, '103.161.31.20', 'Google Chrome', 'mac', 1678869129, 0, 'superadmin', 1),
(24, '103.161.31.20', 'Google Chrome', 'mac', 1678878366, 0, 'superadmin', 1),
(25, '103.161.31.20', 'Google Chrome', 'mac', 1679039542, 0, 'superadmin', 1),
(26, '103.161.31.20', 'Google Chrome', 'mac', 1679061140, 0, 'superadmin', 1),
(27, '103.161.31.20', 'Google Chrome', 'mac', 1679061964, 0, 'superadmin', 1),
(28, '103.161.31.20', 'Google Chrome', 'mac', 1679062422, 0, 'superadmin', 1),
(29, '103.161.31.20', 'Google Chrome', 'mac', 1679296857, 0, 'superadmin', 1),
(30, '103.161.31.20', 'Google Chrome', 'mac', 1679296990, 0, 'admin', 2),
(31, '103.161.31.20', 'Google Chrome', 'mac', 1679297008, 0, 'superadmin', 1),
(32, '103.161.31.20', 'Google Chrome', 'mac', 1679297041, 0, 'admin', 2),
(33, '103.161.31.20', 'Google Chrome', 'linux', 1679343080, 0, 'admin', 2),
(34, '223.238.25.122', 'Google Chrome', 'linux', 1679373452, 0, 'admin', 2),
(35, '103.161.31.20', 'Google Chrome', 'mac', 1679386464, 0, 'superadmin', 1),
(36, '115.243.2.227', 'Google Chrome', 'windows', 1679406901, 0, 'admin', 2),
(37, '103.161.31.20', 'Google Chrome', 'mac', 1679406995, 0, 'superadmin', 1),
(38, '103.161.31.20', 'Google Chrome', 'mac', 1679407477, 0, 'superadmin', 1),
(39, '223.238.65.135', 'Google Chrome', 'linux', 1679407569, 0, 'admin', 2),
(40, '27.59.144.161', 'Google Chrome', 'linux', 1679407984, 0, 'admin', 2),
(41, '106.195.70.234', 'Google Chrome', 'linux', 1679408069, 0, 'admin', 2),
(42, '157.47.70.111', 'Google Chrome', 'linux', 1679409336, 0, 'admin', 2),
(43, '157.47.44.161', 'Google Chrome', 'linux', 1679459662, 0, 'admin', 2),
(44, '106.200.182.226', 'Google Chrome', 'linux', 1679475077, 0, 'admin', 2),
(45, '157.47.69.44', 'Google Chrome', 'linux', 1679489600, 0, 'admin', 2),
(46, '157.48.249.155', 'Google Chrome', 'linux', 1679552553, 0, 'superadmin', 1),
(47, '157.48.249.155', 'Google Chrome', 'linux', 1679552605, 0, 'admin', 2),
(48, '49.43.217.11', 'Google Chrome', 'windows', 1679573477, 0, 'admin', 2),
(49, '103.161.31.20', 'Google Chrome', 'mac', 1679637603, 0, 'superadmin', 1),
(50, '106.216.200.55', 'Google Chrome', 'linux', 1679649743, 0, 'admin', 2),
(51, '103.161.31.20', 'Google Chrome', 'mac', 1679658391, 0, 'superadmin', 1),
(52, '122.176.174.248', 'Google Chrome', 'windows', 1679661833, 0, 'admin', 2),
(53, '223.238.76.8', 'Google Chrome', 'linux', 1679752372, 0, 'admin', 2),
(54, '106.208.62.19', 'Google Chrome', 'linux', 1679819732, 0, 'admin', 2),
(55, '106.216.199.0', 'Google Chrome', 'linux', 1679926211, 0, 'admin', 2),
(56, '223.237.56.48', 'Google Chrome', 'linux', 1679928179, 0, 'admin', 2),
(57, '106.216.199.0', 'Google Chrome', 'linux', 1679928381, 0, 'admin', 2),
(58, '115.243.2.227', 'Google Chrome', 'linux', 1680505639, 0, 'admin', 2),
(59, '103.161.31.20', 'Google Chrome', 'mac', 1680521083, 0, 'superadmin', 1),
(60, '103.161.31.20', 'Google Chrome', 'mac', 1680609557, 0, 'superadmin', 1),
(61, '103.161.31.20', 'Google Chrome', 'mac', 1680668863, 0, 'superadmin', 1),
(62, '106.216.204.40', 'Google Chrome', 'linux', 1680858353, 0, 'admin', 2),
(63, '106.216.204.40', 'Google Chrome', 'linux', 1680858957, 0, 'admin', 2),
(64, '115.243.2.227', 'Google Chrome', 'linux', 1681126005, 0, 'admin', 2),
(65, '117.99.206.15', 'Google Chrome', 'linux', 1681214384, 0, 'admin', 2),
(66, '106.195.71.125', 'Google Chrome', 'linux', 1681234853, 0, 'admin', 2),
(67, '103.161.31.20', 'Google Chrome', 'mac', 1681304335, 0, 'superadmin', 1),
(68, '103.161.31.20', 'Google Chrome', 'mac', 1681360405, 0, 'superadmin', 1),
(69, '103.161.31.20', 'Google Chrome', 'mac', 1681475894, 0, 'superadmin', 1),
(70, '157.47.70.56', 'Google Chrome', 'mac', 1681726503, 0, 'superadmin', 1),
(71, '103.161.31.20', 'Google Chrome', 'mac', 1681795322, 0, 'superadmin', 1),
(72, '115.243.2.227', 'Google Chrome', 'linux', 1681796473, 0, 'admin', 2),
(73, '103.161.31.20', 'Google Chrome', 'mac', 1681820354, 0, 'superadmin', 1),
(74, '103.161.31.20', 'Google Chrome', 'mac', 1681820551, 0, 'company', 3),
(75, '103.161.31.20', 'Google Chrome', 'mac', 1681820556, 0, 'company', 3),
(76, '103.161.31.20', 'Google Chrome', 'mac', 1681820565, 0, 'superadmin', 1),
(77, '103.161.31.20', 'Google Chrome', 'mac', 1681820588, 0, 'manager', 3),
(78, '103.161.31.20', 'Google Chrome', 'mac', 1681820722, 0, 'superadmin', 1),
(79, '103.161.31.20', 'Google Chrome', 'mac', 1681820741, 0, 'admin', 2),
(80, '115.243.2.227', 'Google Chrome', 'linux', 1681824806, 0, 'admin', 2),
(81, '103.161.31.20', 'Google Chrome', 'mac', 1681825405, 0, 'manager', 3),
(82, '103.161.31.20', 'Google Chrome', 'mac', 1681825684, 0, 'superadmin', 1),
(83, '106.195.74.15', 'Google Chrome', 'linux', 1681831642, 0, 'admin', 2),
(84, '103.41.96.166', 'Google Chrome', 'mac', 1681881705, 0, 'manager', 3),
(85, '115.243.2.227', 'Google Chrome', 'linux', 1681881843, 0, 'manager', 3),
(86, '103.41.96.166', 'Google Chrome', 'mac', 1681882960, 0, 'superadmin', 1),
(87, '157.47.67.84', 'Google Chrome', 'mac', 1681888983, 0, 'admin', 2),
(88, '157.47.67.84', 'Google Chrome', 'mac', 1681889026, 0, 'manager', 3),
(89, '157.47.67.84', 'Google Chrome', 'mac', 1681892420, 0, 'superadmin', 1),
(90, '157.47.67.84', 'Google Chrome', 'mac', 1681892466, 0, 'admin', 2),
(91, '157.47.67.84', 'Google Chrome', 'mac', 1681892594, 0, 'manager', 3),
(92, '115.243.2.227', 'Google Chrome', 'linux', 1681895612, 0, 'admin', 2),
(93, '115.243.2.227', 'Google Chrome', 'linux', 1681909755, 0, 'admin', 2),
(94, '106.200.148.60', 'Google Chrome', 'linux', 1681918105, 0, 'manager', 3),
(95, '106.216.205.165', 'Google Chrome', 'linux', 1681918191, 0, 'manager', 3),
(96, '106.216.205.165', 'Google Chrome', 'linux', 1681918387, 0, 'admin', 2),
(97, '106.216.205.165', 'Google Chrome', 'linux', 1681918424, 0, 'manager', 3),
(98, '103.161.31.20', 'Google Chrome', 'mac', 1681969390, 0, 'superadmin', 1),
(99, '103.161.31.20', 'Google Chrome', 'mac', 1682056406, 0, 'superadmin', 1),
(100, '103.161.31.20', 'Google Chrome', 'mac', 1682311421, 0, 'superadmin', 1),
(101, '49.206.55.117', 'Google Chrome', 'mac', 1683179242, 0, 'superadmin', 1),
(102, '103.161.31.20', 'Google Chrome', 'mac', 1683293270, 0, 'superadmin', 1),
(103, '103.161.31.20', 'Google Chrome', 'mac', 1683293332, 0, 'admin', 2),
(104, '103.161.31.20', 'Google Chrome', 'mac', 1683350343, 0, 'superadmin', 1),
(105, '223.182.35.184', 'Google Chrome', 'linux', 1684422096, 0, 'admin', 2),
(106, '106.216.204.145', 'Google Chrome', 'linux', 1684422207, 0, 'manager', 3),
(107, '106.216.204.145', 'Google Chrome', 'linux', 1684422328, 0, 'manager', 3),
(108, '157.47.86.164', 'Google Chrome', 'linux', 1684422451, 0, 'admin', 2),
(109, '157.47.100.62', 'Google Chrome', 'linux', 1684426530, 0, 'admin', 2),
(110, '157.47.75.229', 'Google Chrome', 'linux', 1684462976, 0, 'admin', 2),
(111, '103.161.31.20', 'Google Chrome', 'mac', 1684471195, 0, 'superadmin', 1),
(112, '103.161.31.20', 'Google Chrome', 'mac', 1684478896, 0, 'admin', 2),
(113, '157.47.105.213', 'Google Chrome', 'linux', 1684493448, 0, 'admin', 2),
(114, '157.47.96.78', 'Google Chrome', 'linux', 1684493679, 0, 'manager', 3),
(115, '157.47.96.78', 'Google Chrome', 'linux', 1684493701, 0, 'manager', 3),
(116, '157.47.96.78', 'Google Chrome', 'linux', 1684493797, 0, 'manager', 3),
(117, '103.161.31.20', 'Google Chrome', 'mac', 1684495738, 0, 'superadmin', 1),
(118, '157.47.96.78', 'Google Chrome', 'linux', 1684496166, 0, 'manager', 3),
(119, '157.48.84.163', 'Google Chrome', 'linux', 1684498702, 0, 'manager', 3),
(120, '117.99.194.178', 'Google Chrome', 'linux', 1684498913, 0, 'manager', 3),
(121, '117.99.194.178', 'Google Chrome', 'linux', 1684498960, 0, 'manager', 3),
(122, '103.161.31.20', 'Google Chrome', 'mac', 1684499007, 0, 'manager', 3),
(123, '117.99.194.178', 'Google Chrome', 'linux', 1684499142, 0, 'admin', 2),
(124, '103.161.31.20', 'Google Chrome', 'linux', 1684504498, 0, 'superadmin', 1),
(125, '103.161.31.20', 'Google Chrome', 'linux', 1684517461, 0, 'superadmin', 1),
(126, '106.216.206.176', 'Google Chrome', 'linux', 1684522412, 0, 'admin', 2),
(127, '106.216.198.196', 'Google Chrome', 'linux', 1684563749, 0, 'admin', 2),
(128, '157.47.118.67', 'Google Chrome', 'linux', 1684592731, 0, 'admin', 2),
(129, '157.48.185.118', 'Google Chrome', 'linux', 1684595746, 0, 'superadmin', 1),
(130, '103.161.31.20', 'Google Chrome', 'mac', 1684721553, 0, 'superadmin', 1),
(131, '117.99.202.176', 'Google Chrome', 'linux', 1684753169, 0, 'admin', 2),
(132, '106.216.196.136', 'Google Chrome', 'linux', 1684862691, 0, 'admin', 2),
(133, '157.48.191.196', 'Google Chrome', 'linux', 1684875108, 0, 'admin', 2),
(134, '106.200.182.167', 'Google Chrome', 'linux', 1685011586, 0, 'admin', 2),
(135, '106.200.182.167', 'Google Chrome', 'linux', 1685022851, 0, 'admin', 2),
(136, '157.48.182.197', 'Google Chrome', 'mac', 1685023051, 0, 'admin', 2),
(137, '106.216.196.147', 'Google Chrome', 'linux', 1685086258, 0, 'admin', 2),
(138, '103.161.31.20', 'Google Chrome', 'linux', 1685094105, 0, 'superadmin', 1),
(139, '103.161.31.20', 'Google Chrome', 'linux', 1685094175, 0, 'manager', 3),
(140, '103.161.31.20', 'Google Chrome', 'mac', 1685172922, 0, 'superadmin', 1),
(141, '157.47.105.238', 'Google Chrome', 'linux', 1685296917, 0, 'admin', 2),
(142, '115.243.2.227', 'Google Chrome', 'windows', 1685343066, 0, 'superadmin', 1),
(143, '103.161.31.20', 'Google Chrome', 'mac', 1685343689, 0, 'superadmin', 1),
(144, '115.243.2.227', 'Google Chrome', 'windows', 1685344286, 0, 'manager', 3),
(145, '223.238.22.115', 'Google Chrome', 'linux', 1685353884, 0, 'admin', 2),
(146, '115.243.2.227', 'Google Chrome', 'windows', 1685353965, 0, 'admin', 2),
(147, '223.238.22.115', 'Google Chrome', 'linux', 1685353980, 0, 'manager', 3),
(148, '115.243.2.227', 'Google Chrome', 'windows', 1685354376, 0, 'superadmin', 1),
(149, '103.161.31.20', 'Google Chrome', 'mac', 1685362362, 0, 'superadmin', 1),
(150, '103.161.31.20', 'Google Chrome', 'mac', 1685362779, 0, 'admin', 2),
(151, '103.161.31.20', 'Google Chrome', 'mac', 1685363422, 0, 'superadmin', 1),
(152, '103.161.31.20', 'Google Chrome', 'mac', 1685450373, 0, 'superadmin', 1),
(153, '103.161.31.20', 'Google Chrome', 'mac', 1685450436, 0, 'manager', 3),
(154, '103.161.31.20', 'Google Chrome', 'mac', 1685450470, 0, 'admin', 2),
(155, '106.200.170.30', 'Google Chrome', 'linux', 1685501648, 0, 'admin', 2),
(156, '106.195.79.251', 'Google Chrome', 'linux', 1685508409, 0, 'manager', 3),
(157, '106.216.204.130', 'Apple Safari', 'mac', 1685509235, 0, 'manager', 3),
(158, '103.161.31.20', 'Google Chrome', 'mac', 1685510574, 0, 'manager', 3),
(159, '106.195.79.251', 'Google Chrome', 'linux', 1685517497, 0, 'manager', 3),
(160, '106.195.79.251', 'Google Chrome', 'linux', 1685528232, 0, 'admin', 2),
(161, '103.161.31.20', 'Google Chrome', 'mac', 1685551793, 0, 'superadmin', 1),
(162, '103.161.31.20', 'Google Chrome', 'mac', 1685597686, 0, 'superadmin', 1),
(163, '103.161.31.20', 'Google Chrome', 'mac', 1685598327, 0, 'superadmin', 1),
(164, '103.161.31.20', 'Google Chrome', 'mac', 1685599657, 0, 'superadmin', 1),
(165, '115.243.2.227', 'Google Chrome', 'windows', 1685600428, 0, 'superadmin', 1),
(166, '115.243.2.227', 'Google Chrome', 'windows', 1685611604, 0, 'superadmin', 1),
(167, '106.216.205.77', 'Google Chrome', 'linux', 1685615485, 0, 'manager', 3);

-- --------------------------------------------------------

--
-- Table structure for table `menu`
--

CREATE TABLE `menu` (
  `parent_id` int(11) NOT NULL,
  `name` varchar(255) NOT NULL,
  `table_name` varchar(255) NOT NULL DEFAULT '#',
  `icon` varchar(100) NOT NULL DEFAULT 'glyphicon glyphicon-folder-close',
  `child_id` int(11) NOT NULL,
  `menu_order` int(11) NOT NULL
) ENGINE=InnoDB DEFAULT CHARSET=latin1 COLLATE=latin1_swedish_ci;

--
-- Dumping data for table `menu`
--

INSERT INTO `menu` (`parent_id`, `name`, `table_name`, `icon`, `child_id`, `menu_order`) VALUES
(1, 'Users', 'app_users', 'fas fa-users', 0, 3),
(2, 'Branches', 'branches', 'fas fa-building', 0, 4),
(3, 'Bookings', 'bookings', 'fas fa-file-alt', 0, 1),
(4, 'Confirmed', 'confirmed', 'fa fa-calendar-check-o', 0, 2),
(5, 'Slots', 'slots', 'fas fa-tachometer-alt', 0, 5);

-- --------------------------------------------------------

--
-- Table structure for table `settings`
--

CREATE TABLE `settings` (
  `id` int(11) NOT NULL,
  `theme` varchar(50) NOT NULL,
  `button` varchar(100) NOT NULL,
  `title` varchar(255) NOT NULL,
  `logo` varchar(255) NOT NULL,
  `favicon` varchar(255) NOT NULL,
  `loginbg` varchar(255) NOT NULL,
  `menu` varchar(255) NOT NULL,
  `sentmail` varchar(255) NOT NULL,
  `footer_left` longtext NOT NULL,
  `footer_right` longtext NOT NULL,
  `maintenance` tinyint(4) NOT NULL DEFAULT 0 COMMENT '	0 is No, 1 is Yes	',
  `ipaddress` text NOT NULL,
  `display_errors` tinyint(1) NOT NULL DEFAULT 1,
  `display` enum('show','hidden') NOT NULL
) ENGINE=InnoDB DEFAULT CHARSET=latin1 COLLATE=latin1_swedish_ci;

--
-- Dumping data for table `settings`
--

INSERT INTO `settings` (`id`, `theme`, `button`, `title`, `logo`, `favicon`, `loginbg`, `menu`, `sentmail`, `footer_left`, `footer_right`, `maintenance`, `ipaddress`, `display_errors`, `display`) VALUES
(1, 'default', 'btn-danger', 'Urban Tasting Food Company', 'logo.png', 'Urban-favicon.png', 'about.png', '', 'info@vitasoft.in', '<p>Copyright &copy; 2023 <a href=\"https://vitasoft.in\" rel=\"nofollow\" target=\"_blank\">VITA Technologies </a>. All rights reserved.</p>\r\n', '<p>Copyright All Right Reserved 2023, Urban Tasting Food Company</p>\r\n', 0, '103.160.27.102', 1, 'hidden');

-- --------------------------------------------------------

--
-- Table structure for table `slots`
--

CREATE TABLE `slots` (
  `id` int(11) NOT NULL,
  `slot_name` varchar(100) NOT NULL,
  `type` enum('Lunch','Dinner') NOT NULL,
  `from_time` time NOT NULL,
  `to_time` time NOT NULL,
  `count` int(11) NOT NULL,
  `created_at` datetime NOT NULL,
  `modified_at` datetime NOT NULL,
  `status` tinyint(1) NOT NULL DEFAULT 1
) ENGINE=MyISAM DEFAULT CHARSET=latin1 COLLATE=latin1_swedish_ci;

--
-- Dumping data for table `slots`
--

INSERT INTO `slots` (`id`, `slot_name`, `type`, `from_time`, `to_time`, `count`, `created_at`, `modified_at`, `status`) VALUES
(7, '1', 'Lunch', '12:30:00', '13:00:00', 80, '2023-05-19 18:08:43', '2023-05-25 16:17:06', 1),
(8, '2', 'Lunch', '13:00:00', '13:30:00', 80, '2023-05-19 18:09:30', '2023-05-25 16:20:05', 1),
(9, '3', 'Lunch', '13:30:00', '14:00:00', 80, '2023-05-19 18:10:47', '2023-05-25 16:22:48', 1),
(10, '4', 'Lunch', '14:00:00', '14:30:00', 80, '2023-05-19 18:11:57', '2023-05-25 16:39:46', 1),
(11, '5', 'Lunch', '14:30:00', '15:00:00', 80, '2023-05-19 18:15:39', '2023-05-25 16:21:01', 1),
(12, '1', 'Dinner', '19:30:00', '22:30:00', 80, '2023-05-23 22:57:23', '2023-05-24 02:22:29', 1);

-- --------------------------------------------------------

--
-- Table structure for table `type`
--

CREATE TABLE `type` (
  `tid` int(11) NOT NULL,
  `type` varchar(255) NOT NULL,
  `tcondition` longtext NOT NULL,
  `tformat` longtext NOT NULL
) ENGINE=InnoDB DEFAULT CHARSET=latin1 COLLATE=latin1_swedish_ci;

--
-- Dumping data for table `type`
--

INSERT INTO `type` (`tid`, `type`, `tcondition`, `tformat`) VALUES
(1, 'image', '<div class=\'col-md-3 mb\'><select name=\"icrop\" class=\"form-control\" id=\"gpsImage\" required>\r\n   <option value=\"\" selected>Select Type</option>\r\n   <option value=\"manual_crop\">Manual Crop</option>\r\n <option value=\"ratio_crop\">Ratio Crop</option>\r\n  <option value=\"crop\">Crop</option>\r\n</select></div>', '<div class=\"col-sm-3 mb\"><input class=\"form-control\" name=\"ct_width\" placeholder=\"Width\" required ></div><div class=\"col-sm-2 mb\"><input class=\"form-control\" name=\"ct_height\" placeholder=\"Height\" required ></div>'),
(2, 'file', '<div class=\'col-md-3 mb\'><select name=\"frename\" class=\"form-control\" id=\"gpsFile\" required>    <option value=\"\" selected>Select Type</option>    <option value=\"not_rename\">Not Rename</option>    <option value=\"rename\">Rename</option> </select></div>', ''),
(3, 'password', '<div class=\'col-md-3 mb\'><select name=\"pencrypt\" class=\"form-control\" >    <option value=\"\" selected>None</option>    <option value=\"md5\">MD5</option>    <option value=\"sha1\">SHA1</option> </select></div>', ''),
(4, 'select', '<div class=\'col-md-3 mb\'><select name=\"stype\" class=\"form-control\" required>    <option value=\"\" selected>Select Type</option>    <option value=\"select\">Select</option>    <option value=\"multiselect\">Multiselect</option> </select></div>', '<div class=\"col-sm-3 mb\"><input class=\"form-control\" name=\"s_selected\" placeholder=\"example\"></div><div class=\"col-sm-4 mb\"><input class=\"form-control\" name=\"s_options\" placeholder=\"example1,example2\" required ></div>'),
(5, 'datetime', '<div class=\'col-md-3 mb\'><select name=\"dtype\" class=\"form-control\" required ><option value=\"\" selected>Select Type</option><option value=\"datetime\">Date Time</option><option value=\"date\">Date</option></select></div>', ''),
(6, 'textarea', '', ''),
(7, 'int', '', ''),
(8, 'remote_image', '<div class=\"col-sm-6 mb\"><input class=\"form-control\" name=\"links\" placeholder=\"http://www.example.com/uploads/\" required ></div>', ''),
(9, 'thumbs', '<div class=\"col-sm-3 mb\"><input class=\"form-control\" name=\"small\" placeholder=\"small:width\" required ></div><div class=\"col-sm-2 mb\"><input class=\"form-control\" name=\"middle\" placeholder=\"middle:width\" required ></div><div class=\"col-sm-2 mb\"><input class=\"form-control\" name=\"big\" placeholder=\"big:width\" required ></div>', '');

-- --------------------------------------------------------

--
-- Structure for view `confirmed`
--
DROP TABLE IF EXISTS `confirmed`;

CREATE ALGORITHM=UNDEFINED DEFINER=`vitasoft`@`localhost` SQL SECURITY DEFINER VIEW `confirmed`  AS SELECT `bookings`.`user_id` AS `user_id`, `bookings`.`branch_id` AS `branch_id`, `bookings`.`booking_date` AS `booking_date`, `bookings`.`lunch_status` AS `lunch_status`, `bookings`.`dinner_status` AS `dinner_status`, `bookings`.`slot` AS `slot` FROM `bookings` WHERE (`bookings`.`lunch_status` = '4' OR `bookings`.`dinner_status` = '4') AND `bookings`.`status` = '1' ;

--
-- Indexes for dumped tables
--

--
-- Indexes for table `admin`
--
ALTER TABLE `admin`
  ADD PRIMARY KEY (`sno`);

--
-- Indexes for table `admin_sessions`
--
ALTER TABLE `admin_sessions`
  ADD PRIMARY KEY (`id`);

--
-- Indexes for table `app_users`
--
ALTER TABLE `app_users`
  ADD PRIMARY KEY (`user_id`);

--
-- Indexes for table `bookings`
--
ALTER TABLE `bookings`
  ADD PRIMARY KEY (`id`);

--
-- Indexes for table `branches`
--
ALTER TABLE `branches`
  ADD PRIMARY KEY (`id`);

--
-- Indexes for table `change_type`
--
ALTER TABLE `change_type`
  ADD PRIMARY KEY (`ctid`);

--
-- Indexes for table `create_table`
--
ALTER TABLE `create_table`
  ADD PRIMARY KEY (`cid`);

--
-- Indexes for table `emailsetting`
--
ALTER TABLE `emailsetting`
  ADD PRIMARY KEY (`fieldoption`);

--
-- Indexes for table `loginlog`
--
ALTER TABLE `loginlog`
  ADD PRIMARY KEY (`sno`);

--
-- Indexes for table `menu`
--
ALTER TABLE `menu`
  ADD PRIMARY KEY (`parent_id`);

--
-- Indexes for table `settings`
--
ALTER TABLE `settings`
  ADD PRIMARY KEY (`id`);

--
-- Indexes for table `slots`
--
ALTER TABLE `slots`
  ADD PRIMARY KEY (`id`);

--
-- Indexes for table `type`
--
ALTER TABLE `type`
  ADD PRIMARY KEY (`tid`);

--
-- AUTO_INCREMENT for dumped tables
--

--
-- AUTO_INCREMENT for table `admin`
--
ALTER TABLE `admin`
  MODIFY `sno` int(11) NOT NULL AUTO_INCREMENT, AUTO_INCREMENT=4;

--
-- AUTO_INCREMENT for table `admin_sessions`
--
ALTER TABLE `admin_sessions`
  MODIFY `id` int(11) NOT NULL AUTO_INCREMENT, AUTO_INCREMENT=8366;

--
-- AUTO_INCREMENT for table `app_users`
--
ALTER TABLE `app_users`
  MODIFY `user_id` int(11) NOT NULL AUTO_INCREMENT, AUTO_INCREMENT=70;

--
-- AUTO_INCREMENT for table `bookings`
--
ALTER TABLE `bookings`
  MODIFY `id` int(11) NOT NULL AUTO_INCREMENT, AUTO_INCREMENT=341;

--
-- AUTO_INCREMENT for table `branches`
--
ALTER TABLE `branches`
  MODIFY `id` int(11) NOT NULL AUTO_INCREMENT, AUTO_INCREMENT=7;

--
-- AUTO_INCREMENT for table `change_type`
--
ALTER TABLE `change_type`
  MODIFY `ctid` int(11) NOT NULL AUTO_INCREMENT, AUTO_INCREMENT=66;

--
-- AUTO_INCREMENT for table `create_table`
--
ALTER TABLE `create_table`
  MODIFY `cid` int(11) NOT NULL AUTO_INCREMENT, AUTO_INCREMENT=36;

--
-- AUTO_INCREMENT for table `loginlog`
--
ALTER TABLE `loginlog`
  MODIFY `sno` int(11) NOT NULL AUTO_INCREMENT, AUTO_INCREMENT=168;

--
-- AUTO_INCREMENT for table `menu`
--
ALTER TABLE `menu`
  MODIFY `parent_id` int(11) NOT NULL AUTO_INCREMENT, AUTO_INCREMENT=6;

--
-- AUTO_INCREMENT for table `settings`
--
ALTER TABLE `settings`
  MODIFY `id` int(11) NOT NULL AUTO_INCREMENT, AUTO_INCREMENT=2;

--
-- AUTO_INCREMENT for table `slots`
--
ALTER TABLE `slots`
  MODIFY `id` int(11) NOT NULL AUTO_INCREMENT, AUTO_INCREMENT=13;

--
-- AUTO_INCREMENT for table `type`
--
ALTER TABLE `type`
  MODIFY `tid` int(11) NOT NULL AUTO_INCREMENT, AUTO_INCREMENT=10;
COMMIT;

/*!40101 SET CHARACTER_SET_CLIENT=@OLD_CHARACTER_SET_CLIENT */;
/*!40101 SET CHARACTER_SET_RESULTS=@OLD_CHARACTER_SET_RESULTS */;
/*!40101 SET COLLATION_CONNECTION=@OLD_COLLATION_CONNECTION */;
